Season,Matchday,Opponent,Minute,Player,Outcome,Distance,BodyPart,Notes,SCA1,SCA1Event,SCA2,SCA2Event
2017/18,1,Brighton & Hove Albion,4,Gabriel Jesus,Blocked,11,Right Foot,,Fernandinho,Pass (Live),Kyle Walker,Pass (Live)
2017/18,1,Brighton & Hove Albion,9,Danilo,Off Target,21,Right Foot,,David Silva,Pass (Live),Danilo,Pass (Live)
2017/18,1,Brighton & Hove Albion,14,Fernandinho,Off Target,10,Head,,David Silva,Pass (Dead),,
2017/18,1,Brighton & Hove Albion,17,Kevin De Bruyne,Saved,27,Right Foot,Free kick,David Silva,Fouled,Fernandinho,Pass (Live)
2017/18,1,Brighton & Hove Albion,32,Kevin De Bruyne,Blocked,28,Right Foot,Free kick,David Silva,Fouled,Danilo,Pass (Live)
2017/18,1,Brighton & Hove Albion,34,Gabriel Jesus,Saved,5,Head,Open goal,Sergio Agüero,Pass (Live),David Silva,Pass (Live)
2017/18,1,Brighton & Hove Albion,34,Gabriel Jesus,Woodwork,2,Left Foot,,Gabriel Jesus,Shot,,
2017/18,1,Brighton & Hove Albion,45,Gabriel Jesus,Off Target,26,Right Foot,,David Silva,Pass (Live),,
2017/18,1,Brighton & Hove Albion,45+3,Nicolás Otamendi,Blocked,27,Right Foot,,Sergio Agüero,Pass (Live),Vincent Kompany,Pass (Live)
2017/18,1,Brighton & Hove Albion,50,Fernandinho,Saved,30,Right Foot,,,,,
2017/18,1,Brighton & Hove Albion,53,Sergio Agüero,Off Target,14,Right Foot,,,,,
2017/18,1,Brighton & Hove Albion,58,Kevin De Bruyne,Blocked,31,Right Foot,,David Silva,Pass (Live),Sergio Agüero,Pass (Live)
2017/18,1,Brighton & Hove Albion,67,Kevin De Bruyne,Blocked,25,Left Foot,,Kyle Walker,Pass (Live),Kevin De Bruyne,Pass (Live)
2017/18,1,Brighton & Hove Albion,70,Sergio Agüero,Goal,11,Right Foot,,David Silva,Pass (Live),Kevin De Bruyne,Pass (Live)
2017/18,2,Everton,2,Nicolás Otamendi,Saved,33,Right Foot,,David Silva,Pass (Live),Kyle Walker,Pass (Live)
2017/18,2,Everton,9,Sergio Agüero,Off Target,16,Left Foot,,Leroy Sané,Pass (Dead),,
2017/18,2,Everton,11,Sergio Agüero,Blocked,16,Right Foot,,Fernandinho,Pass (Live),,
2017/18,2,Everton,12,Gabriel Jesus,Off Target,31,Right Foot,,,,,
2017/18,2,Everton,16,Kevin De Bruyne,Saved,26,Right Foot,,Fernandinho,Pass (Live),Leroy Sané,Pass (Live)
2017/18,2,Everton,26,Nicolás Otamendi,Saved,25,Right Foot,,Kevin De Bruyne,Pass (Live),Vincent Kompany,Pass (Live)
2017/18,2,Everton,26,Sergio Agüero,Wayward,9,Right Foot,Lob,Nicolás Otamendi,Shot,,
2017/18,2,Everton,27,Nicolás Otamendi,Off Target,9,Head,,Kevin De Bruyne,Pass (Dead),Sergio Agüero,Shot
2017/18,2,Everton,34,David Silva,Woodwork,10,Left Foot,,Sergio Agüero,Pass (Live),Nicolás Otamendi,Pass (Live)
2017/18,2,Everton,38,Vincent Kompany,Off Target,13,Head,,Kevin De Bruyne,Pass (Dead),Leroy Sané,Fouled
2017/18,2,Everton,43,Gabriel Jesus,Saved,14,Right Foot,Half volley,Sergio Agüero,Pass (Live),David Silva,Pass (Live)
2017/18,2,Everton,51,Sergio Agüero,Blocked,19,Right Foot,,Kevin De Bruyne,Pass (Live),David Silva,Pass (Live)
2017/18,2,Everton,58,Kevin De Bruyne,Blocked,29,Right Foot,Free kick,Raheem Sterling,Fouled,Kevin De Bruyne,Pass (Live)
2017/18,2,Everton,58,David Silva,Blocked,30,Left Foot,Half volley,Kevin De Bruyne,Shot,,
2017/18,2,Everton,71,Bernardo Silva,Off Target,15,Left Foot,Volley,David Silva,Pass (Live),Sergio Agüero,Pass (Live)
2017/18,2,Everton,72,Raheem Sterling,Off Target,36,Right Foot,,David Silva,Pass (Live),Raheem Sterling,Pass (Live)
2017/18,2,Everton,74,Raheem Sterling,Off Target,13,Right Foot,,Sergio Agüero,Pass (Live),Kevin De Bruyne,Pass (Live)
2017/18,2,Everton,75,Kevin De Bruyne,Blocked,21,Left Foot,,Sergio Agüero,Pass (Live),David Silva,Pass (Live)
2017/18,2,Everton,77,Danilo,Saved,15,Left Foot,,Raheem Sterling,Pass (Live),Danilo,Pass (Live)
2017/18,2,Everton,82,Raheem Sterling,Goal,16,Right Foot,Volley,,,,
2017/18,2,Everton,84,Sergio Agüero,Wayward,8,Right Foot,Overhead kick,Danilo,Pass (Live),Bernardo Silva,Pass (Live)
2017/18,3,Bournemouth,15,Nicolás Otamendi,Off Target,13,Right Foot,Half volley,Kevin De Bruyne,Pass (Dead),,
2017/18,3,Bournemouth,20,Raheem Sterling,Saved,27,Right Foot,,Benjamin Mendy,Pass (Live),Bernardo Silva,Pass (Live)
2017/18,3,Bournemouth,21,Gabriel Jesus,Goal,12,Right Foot,,David Silva,Pass (Live),Gabriel Jesus,Pass (Dead)
2017/18,3,Bournemouth,24,Gabriel Jesus,Off Target,9,Right Foot,Half volley,Benjamin Mendy,Pass (Live),Kevin De Bruyne,Pass (Live)
2017/18,3,Bournemouth,25,Danilo,Blocked,16,Left Foot,Half volley,Kevin De Bruyne,Pass (Live),David Silva,Pass (Live)
2017/18,3,Bournemouth,25,David Silva,Off Target,22,Left Foot,Half volley,Bernardo Silva,Pass (Live),Danilo,Shot
2017/18,3,Bournemouth,27,Danilo,Saved,10,Right Foot,,David Silva,Pass (Live),,
2017/18,3,Bournemouth,32,Bernardo Silva,Saved,18,Left Foot,,,,,
2017/18,3,Bournemouth,44,Fernandinho,Saved,10,Right Foot,,Gabriel Jesus,Pass (Live),Fernandinho,Pass (Live)
2017/18,3,Bournemouth,55,Raheem Sterling,Blocked,15,Left Foot,Half volley,Benjamin Mendy,Pass (Live),Kevin De Bruyne,Pass (Live)
2017/18,3,Bournemouth,71,Fernandinho,Saved,23,Right Foot,,Fernandinho,Dribble,David Silva,Pass (Live)
2017/18,3,Bournemouth,72,Sergio Agüero,Saved,18,Right Foot,,,,,
2017/18,3,Bournemouth,74,Gabriel Jesus,Blocked,21,Right Foot,,Sergio Agüero,Pass (Live),Fernandinho,Pass (Live)
2017/18,3,Bournemouth,74,Nicolás Otamendi,Woodwork,7,Head,,Kevin De Bruyne,Pass (Dead),Gabriel Jesus,Shot
2017/18,3,Bournemouth,84,David Silva,Off Target,12,Left Foot,,,,,
2017/18,3,Bournemouth,86,Sergio Agüero,Off Target,25,Right Foot,Free kick,Raheem Sterling,Fouled,Raheem Sterling,Fouled
2017/18,3,Bournemouth,90+2,Raheem Sterling,Off Target,25,Right Foot,Half volley,,,,
2017/18,3,Bournemouth,90+7,Raheem Sterling,Goal,12,Right Foot,Deflected,Danilo,Pass (Live),Raheem Sterling,Pass (Live)
2017/18,4,Liverpool,4,Gabriel Jesus,Off Target,14,Head,,Kevin De Bruyne,Pass (Dead),Kyle Walker,Fouled
2017/18,4,Liverpool,7,Kevin De Bruyne,Saved,27,Right Foot,,,,,
2017/18,4,Liverpool,13,Fernandinho,Saved,31,Right Foot,,Sergio Agüero,Pass (Live),Kyle Walker,Pass (Live)
2017/18,4,Liverpool,24,Sergio Agüero,Goal,12,Right Foot,Open goal,Sergio Agüero,Dribble,Kevin De Bruyne,Pass (Live)
2017/18,4,Liverpool,34,Gabriel Jesus,Saved,6,Right Foot,,Gabriel Jesus,Dribble,,
2017/18,4,Liverpool,35,John Stones,Saved,9,Left Foot,,Gabriel Jesus,Pass (Live),Kevin De Bruyne,Pass (Dead)
2017/18,4,Liverpool,45+6,Gabriel Jesus,Goal,6,Head,,Kevin De Bruyne,Pass (Live),Kevin De Bruyne,Dribble
2017/18,4,Liverpool,53,Gabriel Jesus,Goal,11,Left Foot,,Sergio Agüero,Pass (Live),Fernandinho,Pass (Live)
2017/18,4,Liverpool,65,Kevin De Bruyne,Off Target,14,Left Foot,,Leroy Sané,Pass (Live),Danilo,Pass (Live)
2017/18,4,Liverpool,77,Leroy Sané,Goal,9,Left Foot,,Eliaquim Mangala,Pass (Live),Leroy Sané,Pass (Live)
2017/18,4,Liverpool,83,Sergio Agüero,Off Target,14,Right Foot,,,,,
2017/18,4,Liverpool,87,Sergio Agüero,Saved,4,Right Foot,,Leroy Sané,Pass (Live),Kevin De Bruyne,Pass (Live)
2017/18,4,Liverpool,90+1,Leroy Sané,Goal,24,Left Foot,,Kyle Walker,Pass (Live),Benjamin Mendy,Pass (Live)
2017/18,5,Watford,1,David Silva,Blocked,6,Right Foot,,Raheem Sterling,Pass (Live),Kyle Walker,Pass (Live)
2017/18,5,Watford,6,Fernandinho,Off Target,9,Head,,Kevin De Bruyne,Pass (Dead),Kevin De Bruyne,Pass (Live)
2017/18,5,Watford,7,Benjamin Mendy,Off Target,30,Left Foot,,,,,
2017/18,5,Watford,9,Fernandinho,Saved,27,Right Foot,,,,,
2017/18,5,Watford,11,Kevin De Bruyne,Off Target,23,Right Foot,,David Silva,Pass (Live),Kevin De Bruyne,Pass (Live)
2017/18,5,Watford,16,Sergio Agüero,Off Target,25,Right Foot,Lob,Kevin De Bruyne,Pass (Live),Raheem Sterling,Pass (Live)
2017/18,5,Watford,18,David Silva,Blocked,15,Right Foot,,Kevin De Bruyne,Pass (Live),John Stones,Pass (Live)
2017/18,5,Watford,20,Sergio Agüero,Off Target,14,Left Foot,Volley,,,,
2017/18,5,Watford,21,Sergio Agüero,Blocked,28,Right Foot,,,,,
2017/18,5,Watford,23,Raheem Sterling,Wayward,27,Right Foot,Volley,,,,
2017/18,5,Watford,27,Sergio Agüero,Goal,11,Head,,Kevin De Bruyne,Pass (Dead),John Stones,Fouled
2017/18,5,Watford,31,Sergio Agüero,Goal,2,Right Foot,Open goal,David Silva,Pass (Live),Gabriel Jesus,Pass (Live)
2017/18,5,Watford,36,Kevin De Bruyne,Saved,13,Right Foot,,Raheem Sterling,Pass (Live),Kyle Walker,Pass (Live)
2017/18,5,Watford,38,Gabriel Jesus,Goal,9,Right Foot,,Sergio Agüero,Pass (Live),Kyle Walker,Pass (Live)
2017/18,5,Watford,41,Kevin De Bruyne,Off Target,29,Right Foot,,David Silva,Pass (Live),Kevin De Bruyne,Pass (Dead)
2017/18,5,Watford,54,Sergio Agüero,Off Target,26,Right Foot,,Benjamin Mendy,Pass (Live),Sergio Agüero,Pass (Live)
2017/18,5,Watford,56,Gabriel Jesus,Blocked,16,Right Foot,,Raheem Sterling,Pass (Live),Raheem Sterling,Fouled
2017/18,5,Watford,58,Benjamin Mendy,Off Target,20,Left Foot,,David Silva,Pass (Live),Raheem Sterling,Pass (Live)
2017/18,5,Watford,61,John Stones,Blocked,10,Head,,Kevin De Bruyne,Pass (Dead),David Silva,Pass (Live)
2017/18,5,Watford,63,David Silva,Saved,16,Left Foot,,Sergio Agüero,Pass (Live),Raheem Sterling,Pass (Live)
2017/18,5,Watford,63,Nicolás Otamendi,Goal,10,Head,,David Silva,Pass (Live),Kevin De Bruyne,Pass (Live)
2017/18,5,Watford,75,Raheem Sterling,Off Target,13,Right Foot,,Sergio Agüero,Pass (Live),Bernardo Silva,Pass (Live)
2017/18,5,Watford,80,Leroy Sané,Off Target,11,Left Foot,,İlkay Gündoğan,Pass (Live),Nicolás Otamendi,Pass (Live)
2017/18,5,Watford,81,Sergio Agüero,Goal,10,Right Foot,,Kyle Walker,Pass (Live),,
2017/18,5,Watford,84,Leroy Sané,Blocked,14,Left Foot,,,,,
2017/18,5,Watford,85,Raheem Sterling,Off Target,20,Left Foot,,Bernardo Silva,Pass (Live),Leroy Sané,Pass (Dead)
2017/18,5,Watford,89,Raheem Sterling (pen),Goal,12,Right Foot,,Raheem Sterling,Fouled,Leroy Sané,Pass (Live)
2017/18,5,Watford,90+1,İlkay Gündoğan,Blocked,25,Right Foot,,Benjamin Mendy,Pass (Live),Bernardo Silva,Pass (Live)
2017/18,5,Watford,90+3,Sergio Agüero,Saved,26,Right Foot,,Raheem Sterling,Pass (Live),Raheem Sterling,Dribble
2017/18,6,Crystal Palace,6,Benjamin Mendy,Blocked,22,Left Foot,,David Silva,Pass (Live),,
2017/18,6,Crystal Palace,11,Leroy Sané,Off Target,22,Left Foot,,Kevin De Bruyne,Dribble,Kevin De Bruyne,Dribble
2017/18,6,Crystal Palace,12,Benjamin Mendy,Blocked,19,Left Foot,,,,,
2017/18,6,Crystal Palace,12,Nicolás Otamendi,Blocked,14,Right Foot,Half volley,Benjamin Mendy,Shot,,
2017/18,6,Crystal Palace,13,Fernandinho,Saved,7,Right Foot,,Nicolás Otamendi,Shot,,
2017/18,6,Crystal Palace,16,Raheem Sterling,Saved,21,Right Foot,,Kevin De Bruyne,Pass (Live),Fernandinho,Pass (Live)
2017/18,6,Crystal Palace,33,Sergio Agüero,Off Target,7,Left Foot,,Leroy Sané,Pass (Live),David Silva,Pass (Live)
2017/18,6,Crystal Palace,37,Sergio Agüero,Blocked,17,Left Foot,,,,,
2017/18,6,Crystal Palace,37,Sergio Agüero,Off Target,6,Head,,David Silva,Pass (Live),Leroy Sané,Pass (Live)
2017/18,6,Crystal Palace,42,David Silva,Off Target,8,Head,,Fernandinho,Pass (Live),Raheem Sterling,Pass (Live)
2017/18,6,Crystal Palace,44,Leroy Sané,Goal,4,Left Foot,,Leroy Sané,Dribble,David Silva,Pass (Live)
2017/18,6,Crystal Palace,45+2,John Stones,Wayward,13,Head,,Kevin De Bruyne,Pass (Dead),David Silva,Pass (Live)
2017/18,6,Crystal Palace,45+2,Leroy Sané,Blocked,13,Left Foot,Volley,John Stones,Shot,,
2017/18,6,Crystal Palace,46,Raheem Sterling,Blocked,17,Right Foot,,Leroy Sané,Pass (Live),David Silva,Pass (Live)
2017/18,6,Crystal Palace,47,Fernandinho,Blocked,23,Right Foot,,Leroy Sané,Pass (Live),David Silva,Pass (Live)
2017/18,6,Crystal Palace,47,Kyle Walker,Blocked,35,Right Foot,,Fernandinho,Shot,,
2017/18,6,Crystal Palace,51,Raheem Sterling,Goal,8,Right Foot,,Leroy Sané,Pass (Live),Kevin De Bruyne,Pass (Live)
2017/18,6,Crystal Palace,54,Raheem Sterling,Off Target,8,Right Foot,Half volley,Sergio Agüero,Pass (Live),David Silva,Pass (Live)
2017/18,6,Crystal Palace,58,Sergio Agüero,Saved,9,Left Foot,,Sergio Agüero,Dribble,David Silva,Pass (Live)
2017/18,6,Crystal Palace,59,Raheem Sterling,Goal,3,Left Foot,"Open goal, Half volley",Sergio Agüero,Pass (Live),Kevin De Bruyne,Pass (Live)
2017/18,6,Crystal Palace,60,Leroy Sané,Saved,10,Left Foot,,Sergio Agüero,Pass (Live),,
2017/18,6,Crystal Palace,62,Danilo,Off Target,13,Right Foot,Half volley,,,,
2017/18,6,Crystal Palace,79,Sergio Agüero,Goal,7,Head,,Leroy Sané,Pass (Live),Fabian Delph,Pass (Live)
2017/18,6,Crystal Palace,89,Fabian Delph,Goal,21,Right Foot,,David Silva,Pass (Live),Fabian Delph,Pass (Live)
2017/18,7,Chelsea,4,Kevin De Bruyne,Saved,34,Right Foot,Free kick,Raheem Sterling,Fouled,Raheem Sterling,Dribble
2017/18,7,Chelsea,10,Fernandinho,Blocked,35,Right Foot,,Gabriel Jesus,Pass (Live),Fabian Delph,Pass (Live)
2017/18,7,Chelsea,12,David Silva,Off Target,21,Left Foot,,Kyle Walker,Pass (Live),Kevin De Bruyne,Pass (Live)
2017/18,7,Chelsea,19,Fabian Delph,Blocked,25,Left Foot,Half volley,,,,
2017/18,7,Chelsea,20,John Stones,Off Target,13,Head,,Kevin De Bruyne,Pass (Live),David Silva,Pass (Live)
2017/18,7,Chelsea,29,David Silva,Saved,15,Left Foot,,Leroy Sané,Pass (Live),David Silva,Pass (Live)
2017/18,7,Chelsea,31,Nicolás Otamendi,Off Target,9,Head,,Kevin De Bruyne,Pass (Dead),,
2017/18,7,Chelsea,41,Gabriel Jesus,Off Target,11,Head,,Kevin De Bruyne,Pass (Live),Raheem Sterling,Pass (Live)
2017/18,7,Chelsea,45,Fernandinho,Saved,11,Head,Diving header,Kevin De Bruyne,Pass (Dead),,
2017/18,7,Chelsea,54,Raheem Sterling,Off Target,19,Left Foot,Half volley,Kevin De Bruyne,Pass (Dead),,
2017/18,7,Chelsea,56,David Silva,Wayward,14,Left Foot,Half volley,Gabriel Jesus,Pass (Live),Raheem Sterling,Pass (Live)
2017/18,7,Chelsea,65,Gabriel Jesus,Saved,11,Right Foot,,Kevin De Bruyne,Pass (Live),Fernandinho,Pass (Live)
2017/18,7,Chelsea,66,David Silva,Blocked,14,Right Foot,,Raheem Sterling,Pass (Live),Kyle Walker,Pass (Live)
2017/18,7,Chelsea,67,Kevin De Bruyne,Goal,22,Right Foot,,Gabriel Jesus,Pass (Live),Kevin De Bruyne,Pass (Live)
2017/18,7,Chelsea,79,Raheem Sterling,Blocked,18,Left Foot,,Raheem Sterling,Dribble,Bernardo Silva,Pass (Live)
2017/18,7,Chelsea,83,Fernandinho,Off Target,17,Right Foot,,,,,
2017/18,7,Chelsea,84,Gabriel Jesus,Blocked,11,Right Foot,Volley,Raheem Sterling,Pass (Live),İlkay Gündoğan,Pass (Live)
2017/18,7,Chelsea,87,John Stones,Saved,12,Head,,Kevin De Bruyne,Pass (Dead),,
2017/18,8,Stoke,8,Leroy Sané,Off Target,8,Right Foot,Half volley,,,,
2017/18,8,Stoke,11,Raheem Sterling,Off Target,20,Right Foot,,Gabriel Jesus,Pass (Live),Fabian Delph,Pass (Live)
2017/18,8,Stoke,14,Nicolás Otamendi,Off Target,8,Head,,Fabian Delph,Pass (Live),David Silva,Pass (Live)
2017/18,8,Stoke,16,Fabian Delph,Saved,30,Left Foot,,David Silva,Pass (Live),Leroy Sané,Pass (Live)
2017/18,8,Stoke,17,Gabriel Jesus,Goal,4,Right Foot,,Kyle Walker,Pass (Live),Kevin De Bruyne,Pass (Live)
2017/18,8,Stoke,19,Raheem Sterling,Goal,6,Right Foot,,Leroy Sané,Pass (Live),Kevin De Bruyne,Pass (Live)
2017/18,8,Stoke,21,Raheem Sterling,Wayward,9,Head,,,,,
2017/18,8,Stoke,27,David Silva,Goal,7,Left Foot,,Raheem Sterling,Pass (Live),Leroy Sané,Pass (Live)
2017/18,8,Stoke,42,David Silva,Saved,17,Left Foot,,Raheem Sterling,Pass (Live),David Silva,Pass (Live)
2017/18,8,Stoke,45,Leroy Sané,Saved,23,Left Foot,,Fernandinho,Pass (Live),Gabriel Jesus,Pass (Live)
2017/18,8,Stoke,45+2,Kevin De Bruyne,Saved,19,Right Foot,,Leroy Sané,Pass (Live),Gabriel Jesus,Pass (Live)
2017/18,8,Stoke,45+2,Nicolás Otamendi,Wayward,9,Head,,David Silva,Pass (Dead),Kevin De Bruyne,Shot
2017/18,8,Stoke,48,Kevin De Bruyne,Saved,18,Left Foot,,Nicolás Otamendi,Pass (Live),Fernandinho,Pass (Live)
2017/18,8,Stoke,51,David Silva,Off Target,22,Left Foot,Free kick,Fernandinho,Fouled,,
2017/18,8,Stoke,55,Gabriel Jesus,Goal,10,Left Foot,,Kevin De Bruyne,Pass (Live),,
2017/18,8,Stoke,60,Fernandinho,Goal,27,Right Foot,,Fabian Delph,Pass (Live),Kevin De Bruyne,Pass (Live)
2017/18,8,Stoke,62,Leroy Sané,Goal,9,Left Foot,,Kevin De Bruyne,Pass (Live),Gabriel Jesus,Pass (Live)
2017/18,8,Stoke,65,Leroy Sané,Off Target,25,Left Foot,Free kick,Raheem Sterling,Fouled,Fernandinho,Pass (Live)
2017/18,8,Stoke,74,David Silva,Off Target,24,Left Foot,,Yaya Touré,Pass (Live),İlkay Gündoğan,Pass (Live)
2017/18,8,Stoke,79,Bernardo Silva,Goal,8,Left Foot,,Raheem Sterling,Pass (Live),Yaya Touré,Pass (Live)
2017/18,8,Stoke,87,David Silva,Off Target,17,Left Foot,,Raheem Sterling,Pass (Live),İlkay Gündoğan,Pass (Live)
2017/18,9,Burnley,7,Kevin De Bruyne,Saved,24,Left Foot,,Bernardo Silva,Pass (Live),Kevin De Bruyne,Pass (Live)
2017/18,9,Burnley,14,Fabian Delph,Blocked,31,Left Foot,,Kevin De Bruyne,Pass (Dead),Kyle Walker,Pass (Live)
2017/18,9,Burnley,23,Bernardo Silva,Saved,10,Left Foot,,Leroy Sané,Pass (Live),Leroy Sané,Dribble
2017/18,9,Burnley,28,Kevin De Bruyne,Saved,9,Right Foot,,Kevin De Bruyne,Dribble,David Silva,Pass (Live)
2017/18,9,Burnley,30,Sergio Agüero (pen),Goal,12,Right Foot,,Bernardo Silva,Fouled,Kevin De Bruyne,Shot
2017/18,9,Burnley,39,Sergio Agüero,Off Target,21,Right Foot,,Sergio Agüero,Dribble,,
2017/18,9,Burnley,43,Sergio Agüero,Saved,10,Right Foot,,Kevin De Bruyne,Pass (Live),Nicolás Otamendi,Pass (Live)
2017/18,9,Burnley,45+1,David Silva,Blocked,34,Left Foot,,Kevin De Bruyne,Pass (Live),Fernandinho,Pass (Live)
2017/18,9,Burnley,45+2,Sergio Agüero,Saved,16,Left Foot,,,,,
2017/18,9,Burnley,45+2,Bernardo Silva,Blocked,10,Left Foot,,Sergio Agüero,Shot,,
2017/18,9,Burnley,56,David Silva,Off Target,25,Left Foot,,Kevin De Bruyne,Pass (Live),,
2017/18,9,Burnley,73,David Silva,Saved,6,Left Foot,,Sergio Agüero,Pass (Live),David Silva,Pass (Live)
2017/18,9,Burnley,73,Nicolás Otamendi,Goal,7,Head,Deflected,David Silva,Pass (Dead),David Silva,Shot
2017/18,9,Burnley,75,Leroy Sané,Goal,16,Left Foot,,Kevin De Bruyne,Pass (Live),Sergio Agüero,Pass (Live)
2017/18,9,Burnley,83,Gabriel Jesus,Saved,6,Right Foot,,,,,
2017/18,9,Burnley,90+3,Leroy Sané,Off Target,11,Left Foot,,İlkay Gündoğan,Pass (Live),John Stones,Pass (Live)
2017/18,10,West brom,4,Fabian Delph,Off Target,26,Left Foot,,David Silva,Pass (Live),Bernardo Silva,Pass (Live)
2017/18,10,West brom,7,Leroy Sané,Blocked,16,Right Foot,Half volley,,,,
2017/18,10,West brom,9,Fabian Delph,Off Target,25,Left Foot,,Bernardo Silva,Pass (Live),Kevin De Bruyne,Pass (Live)
2017/18,10,West brom,10,Leroy Sané,Goal,11,Left Foot,,Fernandinho,Pass (Live),,
2017/18,10,West brom,12,David Silva,Saved,20,Left Foot,,Leroy Sané,Pass (Live),,
2017/18,10,West brom,15,Fernandinho,Goal,28,Right Foot,,Leroy Sané,Pass (Live),Fernandinho,Pass (Live)
2017/18,10,West brom,26,David Silva,Off Target,7,Head,,Kevin De Bruyne,Pass (Live),Bernardo Silva,Pass (Live)
2017/18,10,West brom,40,Leroy Sané,Off Target,22,Left Foot,Free kick,Bernardo Silva,Fouled,Fernandinho,Pass (Live)
2017/18,10,West brom,44,Kevin De Bruyne,Off Target,26,Left Foot,,David Silva,Pass (Live),Leroy Sané,Pass (Live)
2017/18,10,West brom,49,Kyle Walker,Off Target,13,Right Foot,,Bernardo Silva,Pass (Live),Fernandinho,Pass (Live)
2017/18,10,West brom,52,Kevin De Bruyne,Blocked,32,Right Foot,Free kick,David Silva,Fouled,Bernardo Silva,Pass (Live)
2017/18,10,West brom,56,Kevin De Bruyne,Off Target,25,Right Foot,,Leroy Sané,Pass (Live),Gabriel Jesus,Pass (Live)
2017/18,10,West brom,64,Raheem Sterling,Goal,5,Left Foot,Open goal,Kyle Walker,Pass (Live),David Silva,Pass (Live)
2017/18,10,West brom,85,Kevin De Bruyne,Off Target,11,Right Foot,,Raheem Sterling,Pass (Live),David Silva,Pass (Live)
2017/18,10,West brom,87,David Silva,Saved,11,Left Foot,,Raheem Sterling,Pass (Live),İlkay Gündoğan,Pass (Live)
2017/18,11,Arsenal,2,Sergio Agüero,Off Target,11,Right Foot,,Kevin De Bruyne,Pass (Live),Raheem Sterling,Pass (Live)
2017/18,11,Arsenal,18,Kevin De Bruyne,Saved,20,Right Foot,Half volley,,,,
2017/18,11,Arsenal,19,Kevin De Bruyne,Goal,19,Left Foot,,Fernandinho,Pass (Live),Kevin De Bruyne,Pass (Live)
2017/18,11,Arsenal,28,Fabian Delph,Blocked,32,Left Foot,,,,,
2017/18,11,Arsenal,50,Sergio Agüero (pen),Goal,12,Right Foot,,Raheem Sterling,Fouled,Fernandinho,Pass (Live)
2017/18,11,Arsenal,68,Leroy Sané,Blocked,12,Left Foot,Volley,Raheem Sterling,Pass (Live),David Silva,Pass (Live)
2017/18,11,Arsenal,68,Gabriel Jesus,Saved,6,Right Foot,,,,,
2017/18,11,Arsenal,69,John Stones,Off Target,9,Head,,Kevin De Bruyne,Pass (Dead),David Silva,Pass (Live)
2017/18,11,Arsenal,74,Gabriel Jesus,Goal,5,Right Foot,,David Silva,Pass (Live),Fernandinho,Pass (Live)
2017/18,12,Leicester,21,David Silva,Saved,13,Left Foot,,Leroy Sané,Pass (Live),Fabian Delph,Pass (Live)
2017/18,12,Leicester,21,Fabian Delph,Off Target,24,Left Foot,Volley,,,,
2017/18,12,Leicester,40,Raheem Sterling,Off Target,25,Left Foot,Half volley,,,,
2017/18,12,Leicester,41,David Silva,Off Target,20,Left Foot,,Raheem Sterling,Pass (Live),Fabian Delph,Pass (Live)
2017/18,12,Leicester,43,Eliaquim Mangala,Off Target,11,Left Foot,Half volley,Vincent Kompany,Pass (Live),Leroy Sané,Pass (Live)
2017/18,12,Leicester,45,Gabriel Jesus,Goal,6,Right Foot,Open goal,David Silva,Pass (Live),Raheem Sterling,Pass (Live)
2017/18,12,Leicester,49,Kevin De Bruyne,Goal,24,Left Foot,,Leroy Sané,Pass (Live),Kevin De Bruyne,Pass (Live)
2017/18,12,Leicester,50,Gabriel Jesus,Saved,5,Right Foot,Volley,Kyle Walker,Pass (Live),David Silva,Pass (Live)
2017/18,12,Leicester,50,Gabriel Jesus,Saved,4,Right Foot,,Gabriel Jesus,Shot,,
2017/18,12,Leicester,52,David Silva,Off Target,10,Left Foot,,Leroy Sané,Pass (Live),Gabriel Jesus,Pass (Live)
2017/18,12,Leicester,55,Kevin De Bruyne,Off Target,32,Right Foot,,Kyle Walker,Pass (Live),Fabian Delph,Pass (Live)
2017/18,12,Leicester,64,David Silva,Blocked,14,Left Foot,,Raheem Sterling,Pass (Live),Leroy Sané,Pass (Live)
2017/18,12,Leicester,89,David Silva,Blocked,20,Left Foot,,Kevin De Bruyne,Pass (Live),Bernardo Silva,Pass (Live)
2017/18,13,Huddersfield Town,7,Vincent Kompany,Off Target,10,Head,,Kevin De Bruyne,Pass (Dead),,
2017/18,13,Huddersfield Town,16,Fernandinho,Blocked,33,Right Foot,,,,,
2017/18,13,Huddersfield Town,19,Vincent Kompany,Blocked,13,Head,,Kevin De Bruyne,Pass (Dead),,
2017/18,13,Huddersfield Town,24,Sergio Agüero,Off Target,17,Right Foot,Volley,,,,
2017/18,13,Huddersfield Town,37,Nicolás Otamendi,Off Target,24,Right Foot,,Sergio Agüero,Pass (Live),Nicolás Otamendi,Pass (Live)
2017/18,13,Huddersfield Town,38,Sergio Agüero,Saved,15,Left Foot,Half volley,David Silva,Pass (Live),Nicolás Otamendi,Pass (Live)
2017/18,13,Huddersfield Town,38,Raheem Sterling,Off Target,7,Right Foot,Half volley,Sergio Agüero,Shot,,
2017/18,13,Huddersfield Town,43,Fernandinho,Off Target,13,Right Foot,,Raheem Sterling,Pass (Live),Kyle Walker,Pass (Live)
2017/18,13,Huddersfield Town,46,Raheem Sterling,Saved,9,Right Foot,Half volley,Fernandinho,Pass (Live),David Silva,Pass (Live)
2017/18,13,Huddersfield Town,47,Sergio Agüero (pen),Goal,12,Right Foot,,Raheem Sterling,Fouled,Kyle Walker,Pass (Live)
2017/18,13,Huddersfield Town,52,Sergio Agüero,Saved,12,Right Foot,,Fernandinho,Pass (Live),David Silva,Pass (Live)
2017/18,13,Huddersfield Town,55,David Silva,Off Target,24,Left Foot,,Kyle Walker,Pass (Live),David Silva,Pass (Live)
2017/18,13,Huddersfield Town,57,Leroy Sané,Woodwork,26,Left Foot,Free kick,David Silva,Fouled,Sergio Agüero,Pass (Live)
2017/18,13,Huddersfield Town,84,Gabriel Jesus,Saved,6,Right Foot,,Kevin De Bruyne,Pass (Live),Raheem Sterling,Pass (Live)
2017/18,13,Huddersfield Town,84,Raheem Sterling,Goal,7,Other,Volley,Gabriel Jesus,Shot,,
2017/18,14,Southampton,3,Fabian Delph,Saved,28,Left Foot,,Gabriel Jesus,Pass (Live),,
2017/18,14,Southampton,13,Fernandinho,Off Target,39,Right Foot,,Fabian Delph,Pass (Live),,
2017/18,14,Southampton,14,Raheem Sterling,Saved,23,Right Foot,,Kevin De Bruyne,Pass (Live),,
2017/18,14,Southampton,15,Gabriel Jesus,Saved,22,Right Foot,,Raheem Sterling,Shot,,
2017/18,14,Southampton,20,Fernandinho,Saved,17,Right Foot,,Kevin De Bruyne,Pass (Live),Raheem Sterling,Pass (Live)
2017/18,14,Southampton,20,Nicolás Otamendi,Off Target,5,Head,,Kevin De Bruyne,Pass (Live),İlkay Gündoğan,Pass (Live)
2017/18,14,Southampton,23,Nicolás Otamendi,Blocked,42,Right Foot,,Fabian Delph,Pass (Live),Nicolás Otamendi,Pass (Live)
2017/18,14,Southampton,24,Gabriel Jesus,Saved,13,Right Foot,,Sergio Agüero,Pass (Live),,
2017/18,14,Southampton,24,İlkay Gündoğan,Off Target,9,Right Foot,Half volley,Gabriel Jesus,Shot,,
2017/18,14,Southampton,40,Fernandinho,Blocked,23,Right Foot,,Kevin De Bruyne,Pass (Live),İlkay Gündoğan,Pass (Live)
2017/18,14,Southampton,40,Kevin De Bruyne,Saved,35,Right Foot,,Fabian Delph,Pass (Live),Fernandinho,Pass (Live)
2017/18,14,Southampton,43,Kevin De Bruyne,Blocked,34,Right Foot,,Nicolás Otamendi,Pass (Live),Vincent Kompany,Pass (Live)
2017/18,14,Southampton,44,Nicolás Otamendi,Saved,11,Head,Deflected,Kevin De Bruyne,Pass (Dead),Kevin De Bruyne,Shot
2017/18,14,Southampton,48,Gabriel Jesus,Off Target,12,Right Foot,,Gabriel Jesus,Dribble,İlkay Gündoğan,Pass (Live)
2017/18,14,Southampton,54,İlkay Gündoğan,Off Target,23,Left Foot,,Kevin De Bruyne,Pass (Live),Fabian Delph,Pass (Live)
2017/18,14,Southampton,56,Gabriel Jesus,Saved,11,Right Foot,,Sergio Agüero,Pass (Live),,
2017/18,14,Southampton,56,Kevin De Bruyne,Saved,32,Right Foot,,Sergio Agüero,Pass (Live),Gabriel Jesus,Shot
2017/18,14,Southampton,57,Kyle Walker,Blocked,31,Right Foot,,Raheem Sterling,Pass (Live),Kevin De Bruyne,Pass (Live)
2017/18,14,Southampton,60,İlkay Gündoğan,Blocked,24,Right Foot,,Kevin De Bruyne,Pass (Dead),Kyle Walker,Fouled
2017/18,14,Southampton,60,Sergio Agüero,Blocked,17,Right Foot,,,,,
2017/18,14,Southampton,62,Sergio Agüero,Off Target,7,Head,,Kevin De Bruyne,Pass (Dead),Raheem Sterling,Fouled
2017/18,14,Southampton,68,Fernandinho,Saved,26,Right Foot,,Raheem Sterling,Pass (Live),İlkay Gündoğan,Pass (Live)
2017/18,14,Southampton,71,Kevin De Bruyne,Blocked,22,Right Foot,,Fernandinho,Pass (Live),Fabian Delph,Pass (Live)
2017/18,14,Southampton,81,Kyle Walker,Off Target,29,Right Foot,Volley,,,,
2017/18,14,Southampton,90,Sergio Agüero,Blocked,14,Right Foot,,Nicolás Otamendi,Pass (Live),David Silva,Pass (Live)
2017/18,14,Southampton,90+6,Raheem Sterling,Goal,20,Right Foot,,Kevin De Bruyne,Pass (Live),Raheem Sterling,Pass (Live)
2017/18,15,West Ham,3,Fabian Delph,Blocked,34,Left Foot,,Kyle Walker,Pass (Dead),,
2017/18,15,West Ham,5,Eliaquim Mangala,Off Target,6,Left Foot,Volley,David Silva,Pass (Dead),Kevin De Bruyne,Pass (Live)
2017/18,15,West Ham,19,Nicolás Otamendi,Blocked,38,Right Foot,,David Silva,Pass (Live),Fabian Delph,Pass (Live)
2017/18,15,West Ham,25,David Silva,Saved,24,Left Foot,,Kevin De Bruyne,Pass (Live),Raheem Sterling,Pass (Live)
2017/18,15,West Ham,27,Raheem Sterling,Off Target,20,Left Foot,,Kevin De Bruyne,Pass (Live),Raheem Sterling,Pass (Live)
2017/18,15,West Ham,37,Leroy Sané,Blocked,23,Left Foot,,David Silva,Pass (Live),Danilo,Pass (Live)
2017/18,15,West Ham,38,Kyle Walker,Off Target,35,Right Foot,,Fabian Delph,Pass (Live),Kevin De Bruyne,Pass (Live)
2017/18,15,West Ham,53,Raheem Sterling,Blocked,8,Left Foot,,Leroy Sané,Pass (Live),David Silva,Pass (Live)
2017/18,15,West Ham,55,Raheem Sterling,Blocked,18,Left Foot,,David Silva,Pass (Live),Kevin De Bruyne,Pass (Live)
2017/18,15,West Ham,56,Kevin De Bruyne,Saved,21,Right Foot,Free kick,Fabian Delph,Fouled,Fabian Delph,Dribble
2017/18,15,West Ham,57,Nicolás Otamendi,Goal,3,Right Foot,,Gabriel Jesus,Pass (Live),Raheem Sterling,Pass (Live)
2017/18,15,West Ham,61,Leroy Sané,Saved,21,Right Foot,,David Silva,Pass (Live),Kevin De Bruyne,Pass (Live)
2017/18,15,West Ham,62,Gabriel Jesus,Blocked,6,Right Foot,Volley,Kyle Walker,Pass (Live),Gabriel Jesus,Pass (Live)
2017/18,15,West Ham,63,Kevin De Bruyne,Off Target,31,Right Foot,,Leroy Sané,Pass (Live),David Silva,Pass (Live)
2017/18,15,West Ham,64,Leroy Sané,Blocked,23,Left Foot,,Kevin De Bruyne,Pass (Live),David Silva,Pass (Live)
2017/18,15,West Ham,66,David Silva,Off Target,25,Left Foot,,Sergio Agüero,Pass (Live),Kevin De Bruyne,Pass (Live)
2017/18,15,West Ham,67,Leroy Sané,Saved,11,Left Foot,,Kyle Walker,Pass (Live),David Silva,Pass (Live)
2017/18,15,West Ham,68,Leroy Sané,Off Target,25,Right Foot,,,,,
2017/18,15,West Ham,70,Kevin De Bruyne,Saved,30,Right Foot,,Leroy Sané,Pass (Live),Fabian Delph,Pass (Live)
2017/18,15,West Ham,71,Gabriel Jesus,Saved,17,Right Foot,,Fabian Delph,Pass (Live),Kevin De Bruyne,Pass (Live)
2017/18,15,West Ham,71,Raheem Sterling,Wayward,7,Right Foot,Half volley,Gabriel Jesus,Shot,,
2017/18,15,West Ham,77,David Silva,Blocked,16,Left Foot,,Raheem Sterling,Pass (Live),Kyle Walker,Pass (Live)
2017/18,15,West Ham,77,Gabriel Jesus,Blocked,7,Right Foot,,David Silva,Shot,,
2017/18,15,West Ham,79,Sergio Agüero,Blocked,21,Right Foot,,,,,
2017/18,15,West Ham,81,Sergio Agüero,Blocked,9,Right Foot,Half volley,David Silva,Pass (Live),Kevin De Bruyne,Pass (Live)
2017/18,15,West Ham,83,David Silva,Goal,5,Left Foot,Volley,Kevin De Bruyne,Pass (Live),Fabian Delph,Pass (Live
2017/18,17,Man Utd,12,Fernandinho,Blocked,24,Right Foot,,Leroy Sané,Pass (Live),Fernandinho,Pass (Live)
2017/18,17,Man Utd,16,Raheem Sterling,Saved,13,Left Foot,,,,,
2017/18,17,Man Utd,17,Gabriel Jesus,Saved,15,Left Foot,,Gabriel Jesus,Dribble,Fernandinho,Pass (Live)
2017/18,17,Man Utd,21,David Silva,Blocked,13,Left Foot,Half volley,Raheem Sterling,Pass (Live),Raheem Sterling,Dribble
2017/18,17,Man Utd,24,Fernandinho,Off Target,29,Right Foot,,Raheem Sterling,Pass (Live),Gabriel Jesus,Pass (Live)
2017/18,17,Man Utd,30,Raheem Sterling,Blocked,14,Left Foot,Half volley,Fernandinho,Pass (Live),Gabriel Jesus,Pass (Live)
2017/18,17,Man Utd,30,Nicolás Otamendi,Off Target,30,Right Foot,,Vincent Kompany,Pass (Live),Kyle Walker,Pass (Live)
2017/18,17,Man Utd,42,Raheem Sterling,Blocked,23,Right Foot,,Kevin De Bruyne,Pass (Live),Leroy Sané,Pass (Live)
2017/18,17,Man Utd,42,Leroy Sané,Saved,9,Right Foot,,Fabian Delph,Pass (Live),Gabriel Jesus,Pass (Live)
2017/18,17,Man Utd,43,Nicolás Otamendi,Wayward,9,Head,,,,,
2017/18,17,Man Utd,43,David Silva,Goal,3,Left Foot,Half volley,Nicolás Otamendi,Shot,,
2017/18,17,Man Utd,52,Leroy Sané,Off Target,23,Left Foot,,Leroy Sané,Dribble,Raheem Sterling,Pass (Live)
2017/18,17,Man Utd,54,Nicolás Otamendi,Goal,5,Right Foot,Volley,,,,
2017/18,17,Man Utd,68,Kevin De Bruyne,Blocked,27,Right Foot,,,,,
2017/18,17,Man Utd,70,Kevin De Bruyne,Saved,22,Left Foot,,Leroy Sané,Pass (Live),Fernandinho,Pass (Live)
2017/18,17,Man Utd,90+4,Bernardo Silva,Saved,6,Left Foot,,Kevin De Bruyne,Pass (Live),Nicolás Otamendi,Pass (Live)
2017/18,18,Swansea,5,Sergio Agüero,Off Target,12,Right Foot,,Ederson,Pass (Dead),Danilo,Fouled
2017/18,18,Swansea,7,Fernandinho,Saved,19,Right Foot,Volley,,,,
2017/18,18,Swansea,14,Kevin De Bruyne,Off Target,12,Right Foot,Volley,Fabian Delph,Pass (Live),David Silva,Pass (Live)
2017/18,18,Swansea,16,Sergio Agüero,Off Target,6,Head,,David Silva,Pass (Live),Kevin De Bruyne,Pass (Live)
2017/18,18,Swansea,18,Nicolás Otamendi,Wayward,10,Other,,Kevin De Bruyne,Pass (Dead),,
2017/18,18,Swansea,22,Sergio Agüero,Off Target,10,Head,,Bernardo Silva,Pass (Live),Nicolás Otamendi,Pass (Live)
2017/18,18,Swansea,25,Nicolás Otamendi,Off Target,7,Right Foot,Volley,Kevin De Bruyne,Pass (Live),David Silva,Pass (Live)
2017/18,18,Swansea,27,David Silva,Goal,7,Left Foot,Back heel,Bernardo Silva,Pass (Live),,
2017/18,18,Swansea,29,Sergio Agüero,Saved,15,Right Foot,,Nicolás Otamendi,Pass (Live),Raheem Sterling,Pass (Live)
2017/18,18,Swansea,34,Kevin De Bruyne,Goal,26,Right Foot,Free kick,Raheem Sterling,Fouled,Raheem Sterling,Pass (Live)
2017/18,18,Swansea,37,Danilo,Saved,32,Left Foot,,,,,
2017/18,18,Swansea,39,Raheem Sterling,Blocked,13,Right Foot,,Bernardo Silva,Pass (Live),Fernandinho,Pass (Live)
2017/18,18,Swansea,46,David Silva,Off Target,8,Left Foot,,Sergio Agüero,Pass (Live),Kevin De Bruyne,Pass (Live)
2017/18,18,Swansea,51,Sergio Agüero,Saved,7,Left Foot,,Bernardo Silva,Pass (Live),Sergio Agüero,Pass (Live)
2017/18,18,Swansea,52,David Silva,Goal,3,Left Foot,,Raheem Sterling,Pass (Live),David Silva,Pass (Live)
2017/18,18,Swansea,61,Sergio Agüero,Off Target,11,Right Foot,,Kevin De Bruyne,Pass (Live),Danilo,Pass (Live)
2017/18,18,Swansea,70,Kevin De Bruyne,Saved,29,Right Foot,Free kick,Sergio Agüero,Fouled,Yaya Touré,Pass (Live)
2017/18,18,Swansea,73,Raheem Sterling,Off Target,11,Right Foot,,Kevin De Bruyne,Pass (Dead),Raheem Sterling,Fouled
2017/18,18,Swansea,82,Raheem Sterling,Blocked,18,Right Foot,,Bernardo Silva,Pass (Live),,
2017/18,18,Swansea,83,Oleksandr Zinchenko,Off Target,24,Left Foot,,Raheem Sterling,Shot,,
2017/18,18,Swansea,85,Sergio Agüero,Goal,10,Right Foot,,Yaya Touré,Pass (Live),Danilo,Pass (Live)
2017/18,18,Swansea,87,Bernardo Silva,Saved,19,Left Foot,,İlkay Gündoğan,Pass (Live),David Silva,Pass (Live)
2017/18,18,Swansea,90,Sergio Agüero,Off Target,22,Right Foot,,Oleksandr Zinchenko,Pass (Live),Sergio Agüero,Pass (Live)
2017/18,19,Tottenham,10,Sergio Agüero,Off Target,7,Head,,Kevin De Bruyne,Pass (Dead),Raheem Sterling,Fouled
2017/18,19,Tottenham,11,Raheem Sterling,Blocked,19,Right Foot,,Fernandinho,Pass (Live),Fabian Delph,Pass (Live)
2017/18,19,Tottenham,14,İlkay Gündoğan,Goal,8,Head,,Leroy Sané,Pass (Dead),,
2017/18,19,Tottenham,24,Sergio Agüero,Saved,15,Left Foot,,Kevin De Bruyne,Pass (Live),Leroy Sané,Pass (Live)
2017/18,19,Tottenham,24,Raheem Sterling,Off Target,15,Left Foot,,Sergio Agüero,Shot,,
2017/18,19,Tottenham,25,Kevin De Bruyne,Saved,25,Left Foot,,,,,
2017/18,19,Tottenham,27,İlkay Gündoğan,Saved,17,Right Foot,,Leroy Sané,Pass (Live),Sergio Agüero,Pass (Live)
2017/18,19,Tottenham,29,Sergio Agüero,Blocked,16,Right Foot,Half volley,Leroy Sané,Pass (Live),Kevin De Bruyne,Pass (Live)
2017/18,19,Tottenham,33,Sergio Agüero,Off Target,21,Left Foot,,Raheem Sterling,Pass (Live),Kyle Walker,Pass (Live)
2017/18,19,Tottenham,44,Sergio Agüero,Blocked,13,Left Foot,,Kevin De Bruyne,Pass (Live),Ederson,Pass (Live)
2017/18,19,Tottenham,45+1,İlkay Gündoğan,Saved,27,Right Foot,,,,,
2017/18,19,Tottenham,47,Eliaquim Mangala,Wayward,12,Head,,Kevin De Bruyne,Pass (Dead),Raheem Sterling,Pass (Live)
2017/18,19,Tottenham,59,Leroy Sané,Off Target,15,Left Foot,,Raheem Sterling,Pass (Live),Ederson,Pass (Dead)
2017/18,19,Tottenham,67,Leroy Sané,Saved,15,Right Foot,,Kevin De Bruyne,Pass (Live),İlkay Gündoğan,Pass (Live)
2017/18,19,Tottenham,70,Kevin De Bruyne,Goal,12,Left Foot,,İlkay Gündoğan,Pass (Live),Gabriel Jesus,Pass (Live)
2017/18,19,Tottenham,75,Gabriel Jesus (pen),Woodwork,12,Right Foot,,Kevin De Bruyne,Fouled,İlkay Gündoğan,Pass (Live)
2017/18,19,Tottenham,75,Raheem Sterling,Off Target,12,Left Foot,,Gabriel Jesus,Shot,,
2017/18,19,Tottenham,80,Raheem Sterling,Goal,5,Right Foot,Open goal,Leroy Sané,Pass (Live),İlkay Gündoğan,Pass (Live)
2017/18,19,Tottenham,86,Bernardo Silva,Saved,12,Left Foot,,Raheem Sterling,Pass (Live),Kevin De Bruyne,Pass (Live)
2017/18,19,Tottenham,88,Raheem Sterling,Saved,19,Left Foot,,Kevin De Bruyne,Pass (Live),Bernardo Silva,Pass (Live)
2017/18,19,Tottenham,90,Raheem Sterling,Goal,7,Right Foot,Open goal,Raheem Sterling,Dribble,Bernardo Silva,Pass (Live)
2019/20,1,West ham,9,Riyad Mahrez,Saved,26,Left Foot,,Kyle Walker,Pass (Live),John Stones,Pass (Live)
2019/20,1,West ham,15,David Silva,Off Target,20,Left Foot,,Riyad Mahrez,Pass (Live),David Silva,Pass (Live)
2019/20,1,West ham,19,Riyad Mahrez,Blocked,16,Right Foot,,Kevin De Bruyne,Pass (Live),Gabriel Jesus,Pass (Live)
2019/20,1,West ham,21,Riyad Mahrez,Off Target,11,Left Foot,,Riyad Mahrez,Dribble,Kevin De Bruyne,Pass (Live)
2019/20,1,West ham,25,Gabriel Jesus,Goal,5,Left Foot,Half volley,Kyle Walker,Pass (Live),Riyad Mahrez,Pass (Live)
2019/20,1,West ham,28,David Silva,Off Target,8,Left Foot,Volley,Kevin De Bruyne,Pass (Live),Kyle Walker,Pass (Live)
2019/20,1,West ham,38,Kevin De Bruyne,Saved,18,Right Foot,,David Silva,Pass (Live),Kevin De Bruyne,Pass (Live)
2019/20,1,West ham,45+1,Gabriel Jesus,Saved,19,Right Foot,Half volley,,,,
2019/20,1,West ham,50,Raheem Sterling,Saved,11,Head,,Oleksandr Zinchenko,Pass (Live),David Silva,Pass (Live)
2019/20,1,West ham,51,Raheem Sterling,Goal,13,Left Foot,,Kevin De Bruyne,Pass (Live),Riyad Mahrez,Pass (Live)
2019/20,1,West ham,57,Oleksandr Zinchenko,Off Target,23,Left Foot,,David Silva,Pass (Live),Kevin De Bruyne,Pass (Live)
2019/20,1,West ham,75,Raheem Sterling,Goal,8,Right Foot,Lob,Riyad Mahrez,Pass (Live),Raheem Sterling,Pass (Live)
2019/20,1,West ham,86,Sergio Agüero (pen),Goal,12,Right Foot,,Riyad Mahrez,Fouled,,
2019/20,1,West ham,90+2,Raheem Sterling,Goal,13,Right Foot,,Riyad Mahrez,Pass (Live),,
2019/20,2,Tottenham,7,Raheem Sterling,Blocked,12,Right Foot,,Kyle Walker,Pass (Live),Bernardo Silva,Pass (Live)
2019/20,2,Tottenham,8,Bernardo Silva,Blocked,14,Left Foot,,Kevin De Bruyne,Pass (Dead),Raheem Sterling,Shot
2019/20,2,Tottenham,8,Kevin De Bruyne,Saved,19,Left Foot,,Rodri,Pass (Live),,
2019/20,2,Tottenham,9,Raheem Sterling,Blocked,19,Left Foot,Half volley,Oleksandr Zinchenko,Pass (Live),Aymeric Laporte,Pass (Live)
2019/20,2,Tottenham,11,İlkay Gündoğan,Blocked,24,Right Foot,,Kevin De Bruyne,Pass (Dead),İlkay Gündoğan,Pass (Live)
2019/20,2,Tottenham,20,Raheem Sterling,Goal,4,Head,,Kevin De Bruyne,Pass (Live),Bernardo Silva,Pass (Live)
2019/20,2,Tottenham,28,Aymeric Laporte,Wayward,12,Right Foot,Half volley,Rodri,Pass (Live),,
2019/20,2,Tottenham,34,Bernardo Silva,Blocked,21,Left Foot,,,,,
2019/20,2,Tottenham,35,Sergio Agüero,Goal,5,Right Foot,,Kevin De Bruyne,Pass (Live),Bernardo Silva,Pass (Live)
2019/20,2,Tottenham,36,Kevin De Bruyne,Off Target,14,Right Foot,,Kevin De Bruyne,Dribble,Bernardo Silva,Pass (Live)
2019/20,2,Tottenham,43,İlkay Gündoğan,Off Target,13,Right Foot,,Kevin De Bruyne,Pass (Live),Bernardo Silva,Pass (Live)
2019/20,2,Tottenham,44,Oleksandr Zinchenko,Saved,23,Left Foot,,Raheem Sterling,Pass (Live),Kyle Walker,Pass (Live)
2019/20,2,Tottenham,45+1,Sergio Agüero,Blocked,25,Right Foot,,İlkay Gündoğan,Pass (Live),Oleksandr Zinchenko,Pass (Live)
2019/20,2,Tottenham,48,Kevin De Bruyne,Blocked,21,Right Foot,,Kyle Walker,Pass (Live),Ederson,Pass (Live)
2019/20,2,Tottenham,49,Oleksandr Zinchenko,Saved,27,Left Foot,Deflected,İlkay Gündoğan,Pass (Live),Bernardo Silva,Pass (Dead)
2019/20,2,Tottenham,51,Kevin De Bruyne,Off Target,21,Left Foot,,Sergio Agüero,Pass (Live),Raheem Sterling,Pass (Live)
2019/20,2,Tottenham,53,Sergio Agüero,Off Target,15,Left Foot,,Raheem Sterling,Pass (Live),Oleksandr Zinchenko,Pass (Live)
2019/20,2,Tottenham,54,Bernardo Silva,Saved,12,Left Foot,,,,,
2019/20,2,Tottenham,60,Raheem Sterling,Blocked,16,Right Foot,,,,,
2019/20,2,Tottenham,60,Rodri,Saved,24,Right Foot,,İlkay Gündoğan,Pass (Live),Raheem Sterling,Shot
2019/20,2,Tottenham,61,Nicolás Otamendi,Saved,5,Head,,Kevin De Bruyne,Pass (Dead),Rodri,Shot
2019/20,2,Tottenham,61,Bernardo Silva,Woodwork,11,Left Foot,Lob,Nicolás Otamendi,Shot,,
2019/20,2,Tottenham,62,Bernardo Silva,Blocked,4,Head,,,,,
2019/20,2,Tottenham,62,Nicolás Otamendi,Blocked,11,Head,,Kevin De Bruyne,Pass (Dead),Bernardo Silva,Shot
2019/20,2,Tottenham,69,Gabriel Jesus,Blocked,13,Right Foot,,Gabriel Jesus,Dribble,Kevin De Bruyne,Pass (Live)
2019/20,2,Tottenham,69,Gabriel Jesus,Blocked,12,Right Foot,,Gabriel Jesus,Shot,,
2019/20,2,Tottenham,72,Gabriel Jesus,Off Target,6,Right Foot,Volley,Bernardo Silva,Pass (Live),Kevin De Bruyne,Pass (Live)
2019/20,2,Tottenham,79,Gabriel Jesus,Off Target,10,Head,,Kyle Walker,Pass (Live),Bernardo Silva,Pass (Live)
2019/20,2,Tottenham,80,Gabriel Jesus,Wayward,7,Head,,Kyle Walker,Pass (Live),Kevin De Bruyne,Pass (Live)
2019/20,2,Tottenham,90+6,Raheem Sterling,Blocked,15,Left Foot,,Kevin De Bruyne,Pass (Live),Oleksandr Zinchenko,Pass (Live)
2019/20,3,Bournemouth,7,Bernardo Silva,Blocked,15,Left Foot,,Raheem Sterling,Pass (Live),David Silva,Pass (Live)
2019/20,3,Bournemouth,8,Kyle Walker,Blocked,30,Right Foot,,Oleksandr Zinchenko,Pass (Live),Kevin De Bruyne,Pass (Dead)
2019/20,3,Bournemouth,8,Nicolás Otamendi,Blocked,6,Head,,İlkay Gündoğan,Pass (Live),Kevin De Bruyne,Pass (Dead)
2019/20,3,Bournemouth,15,Kevin De Bruyne,Wayward,15,Left Foot,,Oleksandr Zinchenko,Pass (Live),David Silva,Pass (Live)
2019/20,3,Bournemouth,15,Sergio Agüero,Goal,8,Left Foot,,Kevin De Bruyne,Shot,,
2019/20,3,Bournemouth,20,David Silva,Saved,12,Right Foot,Volley,,,,
2019/20,3,Bournemouth,24,Kevin De Bruyne,Blocked,25,Right Foot,,Sergio Agüero,Pass (Live),David Silva,Pass (Live)
2019/20,3,Bournemouth,29,Sergio Agüero,Blocked,18,Left Foot,,Aymeric Laporte,Pass (Live),İlkay Gündoğan,Pass (Live)
2019/20,3,Bournemouth,43,Raheem Sterling,Goal,8,Right Foot,Half volley,David Silva,Pass (Live),Bernardo Silva,Pass (Live)
2019/20,3,Bournemouth,45+6,Nicolás Otamendi,Off Target,7,Head,,Bernardo Silva,Pass (Live),Kevin De Bruyne,Pass (Dead)
2019/20,3,Bournemouth,51,David Silva,Saved,14,Left Foot,,Oleksandr Zinchenko,Pass (Live),İlkay Gündoğan,Pass (Live)
2019/20,3,Bournemouth,53,Kevin De Bruyne,Off Target,15,Right Foot,,Sergio Agüero,Pass (Live),Kevin De Bruyne,Pass (Live)
2019/20,3,Bournemouth,59,Bernardo Silva,Blocked,20,Left Foot,,Kevin De Bruyne,Pass (Live),Aymeric Laporte,Pass (Live)
2019/20,3,Bournemouth,64,Sergio Agüero,Goal,7,Right Foot,,David Silva,Dribble,Sergio Agüero,Dribble
2019/20,3,Bournemouth,68,Rodri,Blocked,12,Right Foot,Volley,Kyle Walker,Pass (Live),Bernardo Silva,Pass (Live)
2019/20,3,Bournemouth,82,Sergio Agüero,Blocked,17,Right Foot,,Riyad Mahrez,Pass (Live),Sergio Agüero,Pass (Live
2019/20,4,Brighton & Hove Albion,2,Kevin De Bruyne,Goal,9,Right Foot,,David Silva,Pass (Live),Oleksandr Zinchenko,Pass (Live)
2019/20,4,Brighton & Hove Albion,14,Sergio Agüero,Off Target,17,Right Foot,,Riyad Mahrez,Pass (Live),,
2019/20,4,Brighton & Hove Albion,17,Riyad Mahrez,Saved,18,Left Foot,,Riyad Mahrez,Dribble,Riyad Mahrez,Fouled
2019/20,4,Brighton & Hove Albion,20,Oleksandr Zinchenko,Blocked,21,Left Foot,,Riyad Mahrez,Pass (Dead),,
2019/20,4,Brighton & Hove Albion,21,Kevin De Bruyne,Off Target,25,Right Foot,,David Silva,Pass (Live),Oleksandr Zinchenko,Pass (Live)
2019/20,4,Brighton & Hove Albion,30,David Silva,Off Target,5,Left Foot,,Raheem Sterling,Pass (Live),Raheem Sterling,Dribble
2019/20,4,Brighton & Hove Albion,42,Sergio Agüero,Goal,11,Right Foot,,Kevin De Bruyne,Pass (Live),Riyad Mahrez,Pass (Live)
2019/20,4,Brighton & Hove Albion,44,Riyad Mahrez,Saved,12,Right Foot,,Sergio Agüero,Pass (Live),David Silva,Pass (Live)
2019/20,4,Brighton & Hove Albion,51,Kevin De Bruyne,Off Target,24,Left Foot,,Riyad Mahrez,Pass (Live),David Silva,Pass (Live)
2019/20,4,Brighton & Hove Albion,55,Sergio Agüero,Goal,18,Right Foot,,David Silva,Pass (Live),Oleksandr Zinchenko,Pass (Live)
2019/20,4,Brighton & Hove Albion,63,Sergio Agüero,Blocked,11,Right Foot,Half volley,Riyad Mahrez,Pass (Dead),,
2019/20,4,Brighton & Hove Albion,66,Kevin De Bruyne,Off Target,13,Right Foot,Volley,Riyad Mahrez,Pass (Live),Kyle Walker,Pass (Live)
2019/20,4,Brighton & Hove Albion,69,Sergio Agüero,Off Target,10,Left Foot,Volley,Kevin De Bruyne,Pass (Live),David Silva,Pass (Live)
2019/20,4,Brighton & Hove Albion,72,İlkay Gündoğan,Off Target,24,Right Foot,Free kick,Sergio Agüero,Fouled,David Silva,Pass (Live)
2019/20,4,Brighton & Hove Albion,79,Bernardo Silva,Goal,9,Left Foot,,Sergio Agüero,Pass (Live),Riyad Mahrez,Pass (Liv
2019/20,5,Norwich,3,Rodri,Saved,6,Head,,,,,
2019/20,5,Norwich,12,Raheem Sterling,Blocked,11,Right Foot,,Sergio Agüero,Pass (Live),John Stones,Pass (Live)
2019/20,5,Norwich,21,Raheem Sterling,Blocked,23,Right Foot,,,,,
2019/20,5,Norwich,28,Sergio Agüero,Off Target,4,Head,,Raheem Sterling,Pass (Live),Oleksandr Zinchenko,Pass (Live)
2019/20,5,Norwich,31,Raheem Sterling,Woodwork,7,Head,,,,,
2019/20,5,Norwich,31,David Silva,Off Target,22,Left Foot,Volley,,,,
2019/20,5,Norwich,45,Sergio Agüero,Goal,7,Head,,Bernardo Silva,Pass (Live),Oleksandr Zinchenko,Pass (Live)
2019/20,5,Norwich,51,Nicolás Otamendi,Off Target,10,Head,,İlkay Gündoğan,Pass (Dead),,
2019/20,5,Norwich,53,Sergio Agüero,Blocked,14,Left Foot,Half volley,Bernardo Silva,Pass (Live),,
2019/20,5,Norwich,55,Raheem Sterling,Blocked,9,Head,,,,,
2019/20,5,Norwich,58,Sergio Agüero,Blocked,11,Left Foot,,Sergio Agüero,Dribble,Rodri,Pass (Live)
2019/20,5,Norwich,59,Bernardo Silva,Blocked,23,Left Foot,,,,,
2019/20,5,Norwich,60,Bernardo Silva,Blocked,13,Right Foot,,,,,
2019/20,5,Norwich,68,Nicolás Otamendi,Saved,8,Head,,Kevin De Bruyne,Pass (Dead),Raheem Sterling,Pass (Live)
2019/20,5,Norwich,78,Sergio Agüero,Off Target,6,Head,,Raheem Sterling,Pass (Live),John Stones,Pass (Live)
2019/20,5,Norwich,82,Gabriel Jesus,Blocked,9,Head,,Riyad Mahrez,Pass (Live),Kyle Walker,Pass (Live)
2019/20,5,Norwich,84,Gabriel Jesus,Wayward,12,Right Foot,,Gabriel Jesus,Dribble,,
2019/20,5,Norwich,86,Raheem Sterling,Blocked,19,Right Foot,,John Stones,Pass (Live),Nicolás Otamendi,Pass (Live)
2019/20,5,Norwich,86,Gabriel Jesus,Saved off Target,8,Head,,Raheem Sterling,Shot,,
2019/20,5,Norwich,87,Nicolás Otamendi,Saved,5,Head,,Raheem Sterling,Pass (Live),Kyle Walker,Fouled
2019/20,5,Norwich,88,Oleksandr Zinchenko,Blocked,25,Left Foot,Half volley,,,,
2019/20,5,Norwich,88,Rodri,Goal,25,Right Foot,,Gabriel Jesus,Pass (Live),Gabriel Jesus,Dribble
2019/20,5,Norwich,90,Oleksandr Zinchenko,Blocked,22,Left Foot,,Kevin De Bruyne,Pass (Live),Gabriel Jesus,Pass (Live)
2019/20,5,Norwich,90+2,Sergio Agüero,Saved,18,Right Foot,,Sergio Agüero,Dribble,Sergio Agüero,Dribble
2019/20,5,Norwich,90+3,Gabriel Jesus,Saved,17,Left Foot,,Gabriel Jesus,Dribble,Raheem Sterling,Pass (Live)
2019/20,5,Norwich,90+4,Raheem Sterling,Saved,11,Right Foot,,Rodri,Pass (Live),Rodri,Dribble
2019/20,6,Watford,1,David Silva,Goal,4,Left Foot,"Open goal, Volley",Kevin De Bruyne,Pass (Live),Riyad Mahrez,Pass (Live)
2019/20,6,Watford,7,Sergio Agüero (pen),Goal,12,Right Foot,,Riyad Mahrez,Fouled,Kevin De Bruyne,Pass (Live)
2019/20,6,Watford,12,Riyad Mahrez,Goal,18,Left Foot,"Free kick, Deflected",Riyad Mahrez,Fouled,Riyad Mahrez,Dribble
2019/20,6,Watford,15,Nicolás Otamendi,Blocked,8,Head,,Kevin De Bruyne,Pass (Dead),,
2019/20,6,Watford,15,Bernardo Silva,Goal,5,Head,Diving header,Nicolás Otamendi,Shot,,
2019/20,6,Watford,18,Nicolás Otamendi,Goal,2,Right Foot,Open goal,Sergio Agüero,Pass (Live),David Silva,Pass (Dead)
2019/20,6,Watford,25,Sergio Agüero,Off Target,17,Right Foot,Lob,Kevin De Bruyne,Pass (Live),David Silva,Pass (Live)
2019/20,6,Watford,27,Sergio Agüero,Woodwork,10,Right Foot,,Kevin De Bruyne,Pass (Live),Riyad Mahrez,Pass (Live)
2019/20,6,Watford,28,Kevin De Bruyne,Off Target,17,Left Foot,,Riyad Mahrez,Pass (Live),,
2019/20,6,Watford,30,David Silva,Blocked,18,Left Foot,,Sergio Agüero,Pass (Live),Kyle Walker,Pass (Live)
2019/20,6,Watford,44,Sergio Agüero,Saved,5,Head,,Kevin De Bruyne,Pass (Live),Bernardo Silva,Pass (Live)
2019/20,6,Watford,44,Bernardo Silva,Off Target,9,Head,,Riyad Mahrez,Pass (Live),Rodri,Pass (Live)
2019/20,6,Watford,45+2,Riyad Mahrez,Saved,18,Left Foot,Deflected,,,,
2019/20,6,Watford,46,Kyle Walker,Off Target,35,Right Foot,,Rodri,Pass (Live),Sergio Agüero,Pass (Live)
2019/20,6,Watford,48,Sergio Agüero,Wayward,4,Right Foot,Volley,Bernardo Silva,Pass (Live),,
2019/20,6,Watford,48,Bernardo Silva,Goal,7,Left Foot,,Bernardo Silva,Dribble,David Silva,Pass (Live)
2019/20,6,Watford,54,Kevin De Bruyne,Off Target,29,Right Foot,Free kick,David Silva,Fouled,David Silva,Dribble
2019/20,6,Watford,57,Sergio Agüero,Off Target,8,Head,,Riyad Mahrez,Pass (Live),David Silva,Pass (Live)
2019/20,6,Watford,58,Sergio Agüero,Off Target,6,Right Foot,Half volley,Angeliño,Pass (Live),David Silva,Pass (Live)
2019/20,6,Watford,60,Bernardo Silva,Goal,3,Left Foot,,Kevin De Bruyne,Pass (Live),Riyad Mahrez,Pass (Live)
2019/20,6,Watford,62,David Silva,Off Target,15,Left Foot,,Bernardo Silva,Pass (Live),Angeliño,Pass (Live)
2019/20,6,Watford,66,Riyad Mahrez,Woodwork,9,Head,,Angeliño,Pass (Live),David Silva,Pass (Live)
2019/20,6,Watford,77,Rodri,Off Target,26,Left Foot,,,,,
2019/20,6,Watford,81,Rodri,Saved,24,Right Foot,,Bernardo Silva,Pass (Live),Kevin De Bruyne,Pass (Dead)
2019/20,6,Watford,85,Kevin De Bruyne,Goal,20,Right Foot,,Riyad Mahrez,Pass (Live),Sergio Agüero,Pass (Live)
2019/20,6,Watford,88,Kevin De Bruyne,Off Target,14,Right Foot,,Kevin De Bruyne,Dribble,Kevin De Bruyne,Dribble
2019/20,6,Watford,90+2,Riyad Mahrez,Blocked,22,Left Foot,,David Silva,Pass (Live),Riyad Mahrez,Pass (Live)
2019/20,6,Watford,90+3,Bernardo Silva,Saved,19,Left Foot,,Kevin De Bruyne,Pass (Live),João Cancelo,Pass (Live)
2019/20,7,Everton,1,Riyad Mahrez,Saved,28,Left Foot,,Riyad Mahrez,Dribble,Nicolás Otamendi,Pass (Live)
2019/20,7,Everton,12,İlkay Gündoğan,Woodwork,4,Left Foot,Open goal,Riyad Mahrez,Pass (Live),,
2019/20,7,Everton,12,Riyad Mahrez,Saved,7,Right Foot,,Kevin De Bruyne,Pass (Live),Nicolás Otamendi,Pass (Live)
2019/20,7,Everton,24,Gabriel Jesus,Goal,6,Head,Diving header,Kevin De Bruyne,Pass (Live),Riyad Mahrez,Pass (Live)
2019/20,7,Everton,29,Riyad Mahrez,Saved,14,Right Foot,,Raheem Sterling,Pass (Live),Kevin De Bruyne,Pass (Live)
2019/20,7,Everton,33,Riyad Mahrez,Saved,18,Left Foot,,Raheem Sterling,Pass (Live),Riyad Mahrez,Pass (Live)
2019/20,7,Everton,36,Gabriel Jesus,Off Target,8,Head,,Oleksandr Zinchenko,Pass (Live),İlkay Gündoğan,Pass (Live)
2019/20,7,Everton,38,Kevin De Bruyne,Blocked,24,Right Foot,,Rodri,Pass (Live),,
2019/20,7,Everton,44,Gabriel Jesus,Off Target,15,Left Foot,,Riyad Mahrez,Pass (Live),Riyad Mahrez,Dribble
2019/20,7,Everton,45+3,Gabriel Jesus,Blocked,7,Head,,Raheem Sterling,Pass (Live),Kevin De Bruyne,Pass (Live)
2019/20,7,Everton,45+4,İlkay Gündoğan,Saved,22,Right Foot,,Rodri,Pass (Live),Kyle Walker,Pass (Live)
2019/20,7,Everton,47,İlkay Gündoğan,Blocked,10,Right Foot,,Raheem Sterling,Pass (Live),Kevin De Bruyne,Pass (Live)
2019/20,7,Everton,49,Kevin De Bruyne,Off Target,8,Right Foot,,Kevin De Bruyne,Dribble,Riyad Mahrez,Pass (Live)
2019/20,7,Everton,60,Raheem Sterling,Off Target,11,Right Foot,,Riyad Mahrez,Pass (Live),,
2019/20,7,Everton,69,Raheem Sterling,Blocked,17,Right Foot,,,,,
2019/20,7,Everton,69,Raheem Sterling,Saved,9,Other,,Kyle Walker,Pass (Live),Kevin De Bruyne,Pass (Live)
2019/20,7,Everton,71,Riyad Mahrez,Goal,27,Left Foot,Free kick,Kevin De Bruyne,Fouled,Kyle Walker,Pass (Live)
2019/20,7,Everton,74,Sergio Agüero,Off Target,25,Right Foot,,Sergio Agüero,Dribble,Fernandinho,Pass (Live)
2019/20,7,Everton,84,Sergio Agüero,Saved,9,Right Foot,,Riyad Mahrez,Dribble,Sergio Agüero,Pass (Live)
2019/20,7,Everton,84,Raheem Sterling,Goal,6,Left Foot,Volley,Sergio Agüero,Shot,,
2019/20,8,Wolves,9,Riyad Mahrez,Saved,26,Left Foot,,Kyle Walker,Pass (Live),John Stones,Pass (Live)
2019/20,8,Wolves,15,David Silva,Off Target,20,Left Foot,,Riyad Mahrez,Pass (Live),David Silva,Pass (Live)
2019/20,8,Wolves,19,Riyad Mahrez,Blocked,16,Right Foot,,Kevin De Bruyne,Pass (Live),Gabriel Jesus,Pass (Live)
2019/20,8,Wolves,21,Riyad Mahrez,Off Target,11,Left Foot,,Riyad Mahrez,Dribble,Kevin De Bruyne,Pass (Live)
2019/20,8,Wolves,25,Gabriel Jesus,Goal,5,Left Foot,Half volley,Kyle Walker,Pass (Live),Riyad Mahrez,Pass (Live)
2019/20,8,Wolves,28,David Silva,Off Target,8,Left Foot,Volley,Kevin De Bruyne,Pass (Live),Kyle Walker,Pass (Live)
2019/20,8,Wolves,38,Kevin De Bruyne,Saved,18,Right Foot,,David Silva,Pass (Live),Kevin De Bruyne,Pass (Live)
2019/20,8,Wolves,45+1,Gabriel Jesus,Saved,19,Right Foot,Half volley,,,,
2019/20,8,Wolves,50,Raheem Sterling,Saved,11,Head,,Oleksandr Zinchenko,Pass (Live),David Silva,Pass (Live)
2019/20,8,Wolves,51,Raheem Sterling,Goal,13,Left Foot,,Kevin De Bruyne,Pass (Live),Riyad Mahrez,Pass (Live)
2019/20,8,Wolves,57,Oleksandr Zinchenko,Off Target,23,Left Foot,,David Silva,Pass (Live),Kevin De Bruyne,Pass (Live)
2019/20,8,Wolves,75,Raheem Sterling,Goal,8,Right Foot,Lob,Riyad Mahrez,Pass (Live),Raheem Sterling,Pass (Live)
2019/20,8,Wolves,86,Sergio Agüero (pen),Goal,12,Right Foot,,Riyad Mahrez,Fouled,,
2019/20,8,Wolves,90+2,Raheem Sterling,Goal,13,Right Foot,,Riyad Mahrez,Pass (Live),,
2019/20,9,Crystal Palace,5,Gabriel Jesus,Off Target,6,Head,,Kevin De Bruyne,Pass (Live),Bernardo Silva,Pass (Live)
2019/20,9,Crystal Palace,7,David Silva,Saved,19,Left Foot,,Bernardo Silva,Pass (Live),,
2019/20,9,Crystal Palace,8,Gabriel Jesus,Blocked,6,Head,,João Cancelo,Pass (Live),David Silva,Pass (Live)
2019/20,9,Crystal Palace,16,Bernardo Silva,Saved,20,Left Foot,,Rodri,Pass (Live),,
2019/20,9,Crystal Palace,16,Gabriel Jesus,Off Target,2,Head,,Bernardo Silva,Shot,,
2019/20,9,Crystal Palace,21,İlkay Gündoğan,Saved,27,Right Foot,Deflected,Raheem Sterling,Pass (Live),Fernandinho,Pass (Live)
2019/20,9,Crystal Palace,26,João Cancelo,Saved,28,Right Foot,,Bernardo Silva,Pass (Live),İlkay Gündoğan,Pass (Live)
2019/20,9,Crystal Palace,34,Gabriel Jesus,Wayward,16,Head,,İlkay Gündoğan,Pass (Live),Raheem Sterling,Pass (Live)
2019/20,9,Crystal Palace,39,Gabriel Jesus,Goal,8,Head,Diving header,Bernardo Silva,Pass (Live),Fernandinho,Pass (Live)
2019/20,9,Crystal Palace,41,David Silva,Goal,10,Left Foot,Volley,Raheem Sterling,Pass (Live),Benjamin Mendy,Pass (Live)
2019/20,9,Crystal Palace,52,Raheem Sterling,Off Target,17,Right Foot,,Gabriel Jesus,Pass (Live),Gabriel Jesus,Dribble
2019/20,9,Crystal Palace,54,İlkay Gündoğan,Blocked,27,Right Foot,,Kevin De Bruyne,Pass (Live),,
2019/20,9,Crystal Palace,55,Raheem Sterling,Off Target,15,Left Foot,,Raheem Sterling,Dribble,David Silva,Pass (Live)
2019/20,9,Crystal Palace,68,Gabriel Jesus,Saved,15,Left Foot,,João Cancelo,Pass (Live),Gabriel Jesus,Pass (Live)
2019/20,9,Crystal Palace,72,Gabriel Jesus,Wayward,7,Head,,Raheem Sterling,Pass (Live),Kevin De Bruyne,Pass (Live)
2019/20,9,Crystal Palace,73,Bernardo Silva,Saved,14,Right Foot,,Gabriel Jesus,Shot,,
2019/20,9,Crystal Palace,76,Gabriel Jesus,Saved,8,Right Foot,,Gabriel Jesus,Dribble,Raheem Sterling,Pass (Live)
2019/20,9,Crystal Palace,79,Raheem Sterling,Wayward,9,Left Foot,,David Silva,Pass (Live),Kevin De Bruyne,Pass (Live)
2019/20,9,Crystal Palace,81,Kevin De Bruyne,Woodwork,5,Head,,İlkay Gündoğan,Pass (Live),İlkay Gündoğan,Dribble
2019/20,9,Crystal Palace,85,João Cancelo,Blocked,17,Left Foot,,João Cancelo,Dribble,İlkay Gündoğan,Pass (Live)
2019/20,9,Crystal Palace,87,Raheem Sterling,Off Target,10,Right Foot,,João Cancelo,Pass (Live),Bernardo Silva,Pass (Live
2019/20,10,Aston Villa,5,İlkay Gündoğan,Blocked,18,Right Foot,,David Silva,Pass (Live),David Silva,Dribble
2019/20,10,Aston Villa,5,Gabriel Jesus,Off Target,8,Right Foot,,İlkay Gündoğan,Shot,,
2019/20,10,Aston Villa,7,Fernandinho,Off Target,8,Head,,Kevin De Bruyne,Pass (Dead),,
2019/20,10,Aston Villa,10,Kevin De Bruyne,Off Target,30,Right Foot,,,,,
2019/20,10,Aston Villa,13,Raheem Sterling,Blocked,18,Right Foot,,Kevin De Bruyne,Pass (Live),Bernardo Silva,Pass (Live)
2019/20,10,Aston Villa,19,Raheem Sterling,Blocked,12,Right Foot,,İlkay Gündoğan,Pass (Live),João Cancelo,Pass (Live)
2019/20,10,Aston Villa,20,Benjamin Mendy,Blocked,23,Left Foot,,Bernardo Silva,Pass (Live),Bernardo Silva,Dribble
2019/20,10,Aston Villa,21,João Cancelo,Saved,28,Left Foot,,Bernardo Silva,Pass (Live),Fernandinho,Pass (Live)
2019/20,10,Aston Villa,25,John Stones,Saved,6,Head,,Kevin De Bruyne,Pass (Dead),Raheem Sterling,Pass (Live)
2019/20,10,Aston Villa,38,Raheem Sterling,Off Target,9,Head,,İlkay Gündoğan,Pass (Live),Benjamin Mendy,Pass (Live)
2019/20,10,Aston Villa,43,David Silva,Off Target,10,Left Foot,,Raheem Sterling,Pass (Live),İlkay Gündoğan,Pass (Live)
2019/20,10,Aston Villa,46,Raheem Sterling,Goal,11,Left Foot,,Gabriel Jesus,Pass (Live),Ederson,Pass (Live)
2019/20,10,Aston Villa,49,Gabriel Jesus,Saved,13,Left Foot,,Raheem Sterling,Pass (Live),İlkay Gündoğan,Pass (Live)
2019/20,10,Aston Villa,53,Benjamin Mendy,Blocked,12,Left Foot,,Benjamin Mendy,Dribble,David Silva,Pass (Live)
2019/20,10,Aston Villa,55,Gabriel Jesus,Saved,15,Right Foot,,Raheem Sterling,Pass (Live),,
2019/20,10,Aston Villa,60,Kevin De Bruyne,Off Target,21,Left Foot,,Gabriel Jesus,Pass (Live),Kevin De Bruyne,Pass (Live)
2019/20,10,Aston Villa,65,David Silva,Goal,10,Right Foot,,Kevin De Bruyne,Pass (Live),Benjamin Mendy,Pass (Live)
2019/20,10,Aston Villa,70,Fernandinho,Saved,9,Right Foot,,Kevin De Bruyne,Pass (Dead),,
2019/20,10,Aston Villa,70,Bernardo Silva,Wayward,3,Left Foot,Open goal,Fernandinho,Shot,,
2019/20,10,Aston Villa,70,İlkay Gündoğan,Goal,14,Right Foot,Half volley,,,,
2019/20,10,Aston Villa,82,Bernardo Silva,Blocked,14,Left Foot,,Phil Foden,Pass (Live),Gabriel Jesus,Pass (Live)
2019/20,10,Aston Villa,83,Phil Foden,Saved,21,Left Foot,,Bernardo Silva,Pass (Live),João Cancelo,Pass (Live)
2019/20,10,Aston Villa,86,David Silva,Blocked,17,Left Foot,,David Silva,Dribble,Bernardo Silva,Pass (Live)
2019/20,10,Aston Villa,87,Phil Foden,Saved,16,Left Foot,,Gabriel Jesus,Pass (Live),İlkay Gündoğan,Pass (Live)
2019/20,10,Aston Villa,87,Fernandinho,Blocked,8,Right Foot,Half volley,Phil Foden,Pass (Dead),Phil Foden,Shot
2019/20,10,Aston Villa,90+2,Gabriel Jesus,Woodwork,23,Right Foot,Lob,Phil Foden,Pass (Live),,
2019/20,11,Southampton,2,Sergio Agüero,Off Target,11,Head,,Angeliño,Pass (Live),Fernandinho,Pass (Live)
2019/20,11,Southampton,5,İlkay Gündoğan,Off Target,22,Left Foot,Volley,,,,
2019/20,11,Southampton,11,Kevin De Bruyne,Blocked,17,Right Foot,,,,,
2019/20,11,Southampton,19,Kevin De Bruyne,Blocked,27,Right Foot,Free kick,Bernardo Silva,Fouled,,
2019/20,11,Southampton,22,İlkay Gündoğan,Blocked,22,Right Foot,,Raheem Sterling,Pass (Live),İlkay Gündoğan,Pass (Live)
2019/20,11,Southampton,24,David Silva,Blocked,24,Left Foot,,İlkay Gündoğan,Pass (Live),Kevin De Bruyne,Pass (Live)
2019/20,11,Southampton,25,İlkay Gündoğan,Blocked,17,Right Foot,,,,,
2019/20,11,Southampton,26,Kevin De Bruyne,Blocked,18,Left Foot,,,,,
2019/20,11,Southampton,27,David Silva,Blocked,12,Left Foot,Volley,Kevin De Bruyne,Pass (Live),İlkay Gündoğan,Pass (Live)
2019/20,11,Southampton,29,David Silva,Blocked,8,Head,,Kevin De Bruyne,Pass (Dead),David Silva,Pass (Live)
2019/20,11,Southampton,29,İlkay Gündoğan,Blocked,25,Right Foot,,David Silva,Shot,,
2019/20,11,Southampton,36,Sergio Agüero,Blocked,15,Right Foot,Half volley,Raheem Sterling,Pass (Live),,
2019/20,11,Southampton,39,John Stones,Off Target,6,Head,,İlkay Gündoğan,Pass (Live),Kevin De Bruyne,Pass (Dead)
2019/20,11,Southampton,45+1,David Silva,Blocked,8,Left Foot,Volley,,,,
2019/20,11,Southampton,57,Sergio Agüero,Blocked,25,Right Foot,,Sergio Agüero,Dribble,Kevin De Bruyne,Pass (Live)
2019/20,11,Southampton,65,İlkay Gündoğan,Blocked,20,Left Foot,,,,,
2019/20,11,Southampton,65,Raheem Sterling,Wayward,14,Right Foot,,Gabriel Jesus,Pass (Live),Kevin De Bruyne,Pass (Live)
2019/20,11,Southampton,67,Sergio Agüero,Off Target,7,Head,,Bernardo Silva,Pass (Live),Kevin De Bruyne,Pass (Live)
2019/20,11,Southampton,70,Sergio Agüero,Goal,9,Right Foot,,Kyle Walker,Pass (Live),Kevin De Bruyne,Pass (Live)
2019/20,11,Southampton,78,Bernardo Silva,Saved,14,Right Foot,,Raheem Sterling,Pass (Live),Raheem Sterling,Dribble
2019/20,11,Southampton,80,Kevin De Bruyne,Off Target,17,Right Foot,,İlkay Gündoğan,Pass (Live),Bernardo Silva,Pass (Dead)
2019/20,11,Southampton,83,Sergio Agüero,Blocked,10,Right Foot,,Raheem Sterling,Pass (Live),Kevin De Bruyne,Pass (Live)
2019/20,11,Southampton,83,Sergio Agüero,Blocked,6,Right Foot,,,,,
2019/20,11,Southampton,83,İlkay Gündoğan,Blocked,21,Left Foot,,,,,
2019/20,11,Southampton,86,Kyle Walker,Goal,9,Left Foot,Half volley,Phil Foden,Pass (Live),İlkay Gündoğan,Pass (Live)
2019/20,11,Southampton,90+1,Gabriel Jesus,Saved,9,Right Foot,,Kevin De Bruyne,Pass (Live),İlkay Gündoğan,Pass (Live
2019/20,12,Liverpool,2,Kyle Walker,Blocked,22,Right Foot,,,,,
2019/20,12,Liverpool,5,John Stones,Wayward,5,Head,,Kevin De Bruyne,Pass (Dead),,
2019/20,12,Liverpool,9,Raheem Sterling,Off Target,8,Head,,Kevin De Bruyne,Pass (Dead),Raheem Sterling,Fouled
2019/20,12,Liverpool,24,İlkay Gündoğan,Wayward,21,Left Foot,Volley,,,,
2019/20,12,Liverpool,25,Sergio Agüero,Saved,16,Right Foot,,Sergio Agüero,Dribble,Angeliño,Pass (Live)
2019/20,12,Liverpool,29,Angeliño,Blocked,11,Left Foot,,Angeliño,Dribble,Kevin De Bruyne,Pass (Live)
2019/20,12,Liverpool,39,Kyle Walker,Off Target,29,Right Foot,,İlkay Gündoğan,Pass (Live),Rodri,Pass (Live)
2019/20,12,Liverpool,42,Sergio Agüero,Off Target,17,Left Foot,,Kevin De Bruyne,Pass (Live),Fernandinho,Pass (Live)
2019/20,12,Liverpool,45+2,Sergio Agüero,Saved,17,Right Foot,,Raheem Sterling,Pass (Live),Raheem Sterling,Dribble
2019/20,12,Liverpool,48,Kevin De Bruyne,Blocked,19,Right Foot,,Bernardo Silva,Pass (Live),Kevin De Bruyne,Pass (Dead)
2019/20,12,Liverpool,48,İlkay Gündoğan,Blocked,22,Right Foot,,Kevin De Bruyne,Shot,,
2019/20,12,Liverpool,53,Raheem Sterling,Blocked,17,Right Foot,,Raheem Sterling,Dribble,Raheem Sterling,Dribble
2019/20,12,Liverpool,59,Kevin De Bruyne,Blocked,22,Right Foot,,İlkay Gündoğan,Pass (Live),Rodri,Pass (Live)
2019/20,12,Liverpool,77,Raheem Sterling,Blocked,17,Left Foot,,İlkay Gündoğan,Pass (Live),Angeliño,Pass (Live)
2019/20,12,Liverpool,78,Kyle Walker,Blocked,21,Right Foot,Half volley,Raheem Sterling,Shot,,
2019/20,12,Liverpool,78,Bernardo Silva,Goal,16,Left Foot,,Raheem Sterling,Pass (Live),,
2019/20,12,Liverpool,83,Raheem Sterling,Blocked,21,Right Foot,,Angeliño,Pass (Live),İlkay Gündoğan,Pass (Live)
2019/20,12,Liverpool,86,Kyle Walker,Off Target,3,Head,Open goal,Angeliño,Pass (Live),Rodri,Pass (Live)
2019/20,13,Chelsea,4,Kevin De Bruyne,Off Target,11,Right Foot,,Sergio Agüero,Pass (Live),Fernandinho,Pass (Live)
2019/20,13,Chelsea,12,Riyad Mahrez,Blocked,18,Left Foot,,,,,
2019/20,13,Chelsea,24,John Stones,Off Target,13,Head,,Kevin De Bruyne,Pass (Dead),,
2019/20,13,Chelsea,29,Kevin De Bruyne,Goal,18,Left Foot,Deflected,Kevin De Bruyne,Dribble,,
2019/20,13,Chelsea,33,Sergio Agüero,Blocked,12,Right Foot,,Kevin De Bruyne,Pass (Live),John Stones,Pass (Live)
2019/20,13,Chelsea,36,Kevin De Bruyne,Off Target,21,Left Foot,,Riyad Mahrez,Pass (Live),Kevin De Bruyne,Pass (Live)
2019/20,13,Chelsea,37,Riyad Mahrez,Goal,19,Left Foot,,Riyad Mahrez,Dribble,Rodri,Pass (Live)
2019/20,13,Chelsea,43,Sergio Agüero,Woodwork,20,Right Foot,,,,,
2019/20,13,Chelsea,44,João Cancelo,Off Target,22,Right Foot,,Kevin De Bruyne,Pass (Live),Raheem Sterling,Pass (Live)
2019/20,13,Chelsea,49,Riyad Mahrez,Off Target,21,Left Foot,,David Silva,Pass (Live),John Stones,Pass (Live)
2019/20,13,Chelsea,57,Riyad Mahrez,Blocked,24,Left Foot,,İlkay Gündoğan,Pass (Live),Riyad Mahrez,Pass (Live)
2019/20,13,Chelsea,65,Fernandinho,Blocked,5,Right Foot,Volley,Sergio Agüero,Pass (Live),,
2019/20,13,Chelsea,65,Riyad Mahrez,Saved,12,Right Foot,,Fernandinho,Shot,,
2019/20,13,Chelsea,72,Phil Foden,Saved,22,Left Foot,,,,,
2019/20,13,Chelsea,77,Phil Foden,Off Target,21,Left Foot,,Raheem Sterling,Fouled,,
2019/20,14,Newcastle,14,John Stones,Off Target,9,Head,,Kevin De Bruyne,Pass (Dead),Kyle Walker,Pass (Live)
2019/20,14,Newcastle,18,Raheem Sterling,Blocked,17,Right Foot,,,,,
2019/20,14,Newcastle,18,Fernandinho,Off Target,10,Head,,Kevin De Bruyne,Pass (Dead),Raheem Sterling,Shot
2019/20,14,Newcastle,22,Raheem Sterling,Goal,13,Right Foot,,David Silva,Pass (Live),,
2019/20,14,Newcastle,31,David Silva,Blocked,21,Left Foot,,,,,
2019/20,14,Newcastle,33,Raheem Sterling,Saved,20,Right Foot,,Benjamin Mendy,Pass (Live),David Silva,Pass (Live)
2019/20,14,Newcastle,35,Gabriel Jesus,Saved,11,Right Foot,Volley,Raheem Sterling,Pass (Live),İlkay Gündoğan,Pass (Live)
2019/20,14,Newcastle,40,Kyle Walker,Blocked,27,Right Foot,,Kevin De Bruyne,Pass (Live),İlkay Gündoğan,Pass (Live)
2019/20,14,Newcastle,45+2,Kevin De Bruyne,Blocked,20,Right Foot,,Raheem Sterling,Pass (Live),David Silva,Pass (Live)
2019/20,14,Newcastle,51,Gabriel Jesus,Blocked,6,Left Foot,,Kevin De Bruyne,Pass (Live),Riyad Mahrez,Pass (Live)
2019/20,14,Newcastle,52,Benjamin Mendy,Blocked,28,Left Foot,,Kyle Walker,Pass (Live),Fernandinho,Pass (Live)
2019/20,14,Newcastle,55,Kevin De Bruyne,Off Target,26,Right Foot,,David Silva,Pass (Live),Riyad Mahrez,Pass (Live)
2019/20,14,Newcastle,58,Gabriel Jesus,Off Target,2,Head,,David Silva,Pass (Live),,
2019/20,14,Newcastle,65,Gabriel Jesus,Blocked,12,Left Foot,,Kevin De Bruyne,Pass (Live),Raheem Sterling,Pass (Live)
2019/20,14,Newcastle,68,Gabriel Jesus,Saved,8,Left Foot,,David Silva,Pass (Live),Kevin De Bruyne,Pass (Live)
2019/20,14,Newcastle,68,Kevin De Bruyne,Saved,10,Left Foot,,Gabriel Jesus,Shot,,
2019/20,14,Newcastle,68,David Silva,Off Target,8,Head,,Kevin De Bruyne,Pass (Dead),Kevin De Bruyne,Shot
2019/20,14,Newcastle,72,İlkay Gündoğan,Blocked,23,Right Foot,,Gabriel Jesus,Pass (Live),Benjamin Mendy,Pass (Live)
2019/20,14,Newcastle,72,Bernardo Silva,Off Target,15,Left Foot,,İlkay Gündoğan,Pass (Live),İlkay Gündoğan,Shot
2019/20,14,Newcastle,77,Kevin De Bruyne,Blocked,24,Left Foot,,Phil Foden,Pass (Live),Kyle Walker,Pass (Live)
2019/20,14,Newcastle,79,Kevin De Bruyne,Off Target,25,Left Foot,,İlkay Gündoğan,Pass (Live),Gabriel Jesus,Pass (Live)
2019/20,14,Newcastle,82,Kevin De Bruyne,Goal,23,Right Foot,Half volley,,,,
2019/20,14,Newcastle,86,Fernandinho,Off Target,17,Left Foot,Volley,,,,
2019/20,14,Newcastle,90+2,Raheem Sterling,Saved,5,Right Foot,Volley,Kevin De Bruyne,Pass (Live),Phil Foden,Pass (Live)
2019/20,15,Burnley,6,Angeliño,Wayward,23,Left Foot,Volley,Kevin De Bruyne,Pass (Dead),Kevin De Bruyne,Pass (Live)
2019/20,15,Burnley,10,Bernardo Silva,Blocked,19,Left Foot,,David Silva,Pass (Live),Rodri,Pass (Live)
2019/20,15,Burnley,12,Kevin De Bruyne,Saved,25,Left Foot,,Kevin De Bruyne,Fouled,David Silva,Pass (Live)
2019/20,15,Burnley,18,Raheem Sterling,Blocked,13,Right Foot,,Raheem Sterling,Dribble,Angeliño,Pass (Live)
2019/20,15,Burnley,24,Gabriel Jesus,Goal,18,Right Foot,,David Silva,Pass (Live),Raheem Sterling,Pass (Live)
2019/20,15,Burnley,32,Raheem Sterling,Saved,4,Right Foot,,Kevin De Bruyne,Pass (Live),Bernardo Silva,Pass (Live)
2019/20,15,Burnley,36,Kevin De Bruyne,Saved,24,Left Foot,Deflected,David Silva,Pass (Live),Bernardo Silva,Pass (Live)
2019/20,15,Burnley,43,Bernardo Silva,Saved,12,Left Foot,,Kevin De Bruyne,Pass (Live),Gabriel Jesus,Pass (Live)
2019/20,15,Burnley,50,Gabriel Jesus,Goal,7,Right Foot,Volley,Bernardo Silva,Pass (Live),Kevin De Bruyne,Pass (Live)
2019/20,15,Burnley,53,Gabriel Jesus,Off Target,7,Right Foot,,Angeliño,Pass (Live),Rodri,Pass (Live)
2019/20,15,Burnley,57,Kyle Walker,Blocked,24,Right Foot,,Bernardo Silva,Pass (Live),Raheem Sterling,Pass (Live)
2019/20,15,Burnley,58,Kevin De Bruyne,Off Target,25,Right Foot,,Angeliño,Pass (Live),Raheem Sterling,Pass (Live)
2019/20,15,Burnley,66,Raheem Sterling,Blocked,12,Right Foot,,Kevin De Bruyne,Pass (Live),Angeliño,Pass (Live)
2019/20,15,Burnley,68,David Silva,Blocked,16,Left Foot,,,,,
2019/20,15,Burnley,68,Rodri,Goal,21,Right Foot,Half volley,David Silva,Shot,,
2019/20,15,Burnley,85,Angeliño,Off Target,19,Left Foot,,Riyad Mahrez,Pass (Live),Phil Foden,Pass (Live)
2019/20,15,Burnley,87,Riyad Mahrez,Goal,19,Right Foot,,Bernardo Silva,Pass (Live),,
2019/20,16,Man Utd,3,Kevin De Bruyne,Blocked,13,Left Foot,,Raheem Sterling,Pass (Live),Kevin De Bruyne,Pass (Live)
2019/20,16,Man Utd,7,David Silva,Blocked,9,Left Foot,,Raheem Sterling,Pass (Live),Raheem Sterling,Dribble
2019/20,16,Man Utd,7,Kevin De Bruyne,Off Target,16,Right Foot,,Bernardo Silva,Pass (Live),David Silva,Shot
2019/20,16,Man Utd,13,Gabriel Jesus,Blocked,7,Right Foot,,Bernardo Silva,Pass (Live),David Silva,Pass (Live)
2019/20,16,Man Utd,19,Gabriel Jesus,Blocked,17,Right Foot,,Kevin De Bruyne,Pass (Live),Rodri,Pass (Live)
2019/20,16,Man Utd,25,Bernardo Silva,Blocked,13,Right Foot,,David Silva,Pass (Live),Kevin De Bruyne,Pass (Live)
2019/20,16,Man Utd,25,Raheem Sterling,Blocked,9,Right Foot,,,,,
2019/20,16,Man Utd,33,Bernardo Silva,Blocked,23,Left Foot,,Kevin De Bruyne,Pass (Live),David Silva,Pass (Live)
2019/20,16,Man Utd,34,David Silva,Saved,24,Left Foot,,Rodri,Pass (Live),Bernardo Silva,Pass (Live)
2019/20,16,Man Utd,38,Gabriel Jesus,Off Target,8,Head,Diving header,Kevin De Bruyne,Pass (Live),Rodri,Pass (Live)
2019/20,16,Man Utd,40,Kevin De Bruyne,Off Target,26,Right Foot,Free kick,Raheem Sterling,Fouled,John Stones,Pass (Live)
2019/20,16,Man Utd,43,David Silva,Saved,27,Left Foot,Free kick,Rodri,Fouled,Fernandinho,Pass (Live)
2019/20,16,Man Utd,47,Angeliño,Off Target,29,Left Foot,,Kyle Walker,Pass (Live),,
2019/20,16,Man Utd,55,Kevin De Bruyne,Blocked,11,Right Foot,,Rodri,Pass (Live),,
2019/20,16,Man Utd,64,Rodri,Saved,19,Right Foot,,Kevin De Bruyne,Pass (Live),Angeliño,Pass (Live)
2019/20,16,Man Utd,65,Raheem Sterling,Blocked,19,Right Foot,,David Silva,Pass (Live),Rodri,Pass (Live)
2019/20,16,Man Utd,65,Riyad Mahrez,Off Target,5,Left Foot,Half volley,Raheem Sterling,Shot,,
2019/20,16,Man Utd,73,Nicolás Otamendi,Off Target,5,Head,Diving header,David Silva,Pass (Live),Riyad Mahrez,Pass (Dead)
2019/20,16,Man Utd,76,Angeliño,Blocked,13,Left Foot,,David Silva,Pass (Live),Raheem Sterling,Pass (Live)
2019/20,16,Man Utd,85,Nicolás Otamendi,Goal,6,Head,,Riyad Mahrez,Pass (Dead),,
2019/20,16,Man Utd,86,Riyad Mahrez,Saved,13,Left Foot,,İlkay Gündoğan,Pass (Live),,
2019/20,16,Man Utd,90+5,İlkay Gündoğan,Blocked,6,Left Foot,Half volley,Kevin De Bruyne,Pass (Live),Kevin De Bruyne,Dribble
2019/20,17,Arsenal,2,Kevin De Bruyne,Goal,15,Right Foot,Half volley,Gabriel Jesus,Pass (Live),Fernandinho,Pass (Live)
2019/20,17,Arsenal,15,Raheem Sterling,Goal,6,Left Foot,Half volley,Kevin De Bruyne,Pass (Live),Gabriel Jesus,Pass (Live)
2019/20,17,Arsenal,22,İlkay Gündoğan,Off Target,29,Right Foot,Half volley,,,,
2019/20,17,Arsenal,40,Kevin De Bruyne,Goal,23,Left Foot,,Kevin De Bruyne,Fouled,Phil Foden,Pass (Live)
2019/20,17,Arsenal,43,Kevin De Bruyne,Saved to Post,26,Right Foot,,Phil Foden,Fouled,Phil Foden,Dribble
2019/20,17,Arsenal,45,Phil Foden,Blocked,9,Head,,Benjamin Mendy,Pass (Live),Raheem Sterling,Pass (Live)
2019/20,17,Arsenal,52,Gabriel Jesus,Off Target,15,Right Foot,,Raheem Sterling,Pass (Live),Kevin De Bruyne,Pass (Live)
2019/20,17,Arsenal,55,Kevin De Bruyne,Blocked,18,Left Foot,,İlkay Gündoğan,Pass (Live),Gabriel Jesus,Pass (Live)
2019/20,17,Arsenal,62,Gabriel Jesus,Saved,17,Left Foot,,,,,
2019/20,17,Arsenal,62,Raheem Sterling,Blocked,17,Right Foot,,Kevin De Bruyne,Pass (Live),Gabriel Jesus,Shot
2019/20,17,Arsenal,75,Raheem Sterling,Blocked,24,Right Foot,,Bernardo Silva,Pass (Live),Nicolás Otamendi,Pass (Live)
2019/20,17,Arsenal,77,Kevin De Bruyne,Saved,25,Right Foot,,Rodri,Pass (Live),Bernardo Silva,Pass (Live)
2019/20,17,Arsenal,86,Riyad Mahrez,Saved,8,Right Foot,,Raheem Sterling,Pass (Live),Gabriel Jesus,Pass (Live)
2019/20,17,Arsenal,90,Raheem Sterling,Off Target,14,Left Foot,,Kevin De Bruyne,Pass (Live),Gabriel Jesus,Pass (Live
2019/20,18,Leicester,3,İlkay Gündoğan,Off Target,28,Right Foot,,Riyad Mahrez,Pass (Live),Kevin De Bruyne,Pass (Live)
2019/20,18,Leicester,12,Riyad Mahrez,Blocked,14,Left Foot,,Kevin De Bruyne,Pass (Live),Raheem Sterling,Pass (Live)
2019/20,18,Leicester,13,Riyad Mahrez,Wayward,21,Right Foot,,Bernardo Silva,Pass (Live),Bernardo Silva,Dribble
2019/20,18,Leicester,14,Kevin De Bruyne,Woodwork,21,Right Foot,,Riyad Mahrez,Pass (Live),Benjamin Mendy,Pass (Live)
2019/20,18,Leicester,15,Riyad Mahrez,Saved,16,Right Foot,Deflected,Kevin De Bruyne,Pass (Live),İlkay Gündoğan,Pass (Live)
2019/20,18,Leicester,17,Gabriel Jesus,Saved,3,Left Foot,,Riyad Mahrez,Pass (Live),Riyad Mahrez,Dribble
2019/20,18,Leicester,17,Gabriel Jesus,Saved,8,Head,,Benjamin Mendy,Pass (Live),Bernardo Silva,Pass (Live)
2019/20,18,Leicester,25,Raheem Sterling,Saved,2,Right Foot,,Kevin De Bruyne,Pass (Live),Riyad Mahrez,Pass (Live)
2019/20,18,Leicester,30,Riyad Mahrez,Goal,21,Left Foot,Deflected,Benjamin Mendy,Pass (Live),Kyle Walker,Pass (Live)
2019/20,18,Leicester,36,Riyad Mahrez,Off Target,24,Left Foot,Free kick,Kevin De Bruyne,Fouled,Kevin De Bruyne,Dribble
2019/20,18,Leicester,37,Kevin De Bruyne,Blocked,16,Right Foot,,Raheem Sterling,Pass (Live),Riyad Mahrez,Pass (Live)
2019/20,18,Leicester,40,Kevin De Bruyne,Saved,21,Right Foot,,Raheem Sterling,Pass (Live),,
2019/20,18,Leicester,43,İlkay Gündoğan (pen),Goal,12,Right Foot,,Raheem Sterling,Fouled,Riyad Mahrez,Pass (Live)
2019/20,18,Leicester,54,Riyad Mahrez,Saved,18,Left Foot,,Raheem Sterling,Pass (Live),Bernardo Silva,Pass (Live)
2019/20,18,Leicester,56,Raheem Sterling,Blocked,12,Right Foot,,Kyle Walker,Pass (Live),Riyad Mahrez,Pass (Live)
2019/20,18,Leicester,58,Riyad Mahrez,Off Target,14,Left Foot,Half volley,Benjamin Mendy,Pass (Live),İlkay Gündoğan,Pass (Live)
2019/20,18,Leicester,66,Riyad Mahrez,Saved,18,Left Foot,,Benjamin Mendy,Pass (Live),Raheem Sterling,Pass (Live)
2019/20,18,Leicester,69,Gabriel Jesus,Goal,2,Left Foot,Open goal,Kevin De Bruyne,Pass (Live),Kevin De Bruyne,Dribble
2019/20,18,Leicester,73,Riyad Mahrez,Blocked,19,Left Foot,,İlkay Gündoğan,Pass (Live),,
2019/20,18,Leicester,74,Nicolás Otamendi,Off Target,5,Head,,Kevin De Bruyne,Pass (Dead),Riyad Mahrez,Shot
2019/20,18,Leicester,75,Kevin De Bruyne,Saved,17,Left Foot,,Benjamin Mendy,Pass (Live),Bernardo Silva,Pass (Live)
2019/20,18,Leicester,80,Riyad Mahrez,Blocked,10,Left Foot,,Riyad Mahrez,Dribble,Kevin De Bruyne,Pass (Live)
2019/20,18,Leicester,81,Gabriel Jesus,Saved,8,Right Foot,,Riyad Mahrez,Pass (Live),Rodri,Pass (Live)
2019/20,19,Wolves,25,Raheem Sterling (pen),Saved,12,Right Foot,,Riyad Mahrez,Fouled,Rodri,Pass (Live)
2019/20,19,Wolves,25,Raheem Sterling,Goal,6,Right Foot,Open goal,Raheem Sterling,Shot,,
2019/20,19,Wolves,29,Raheem Sterling,Off Target,15,Right Foot,Half volley,Fernandinho,Pass (Live),Rodri,Pass (Live)
2019/20,19,Wolves,50,Raheem Sterling,Goal,13,Right Foot,Lob,Kevin De Bruyne,Pass (Live),Rodri,Pass (Live)
2019/20,19,Wolves,66,Kevin De Bruyne,Off Target,21,Right Foot,,Benjamin Mendy,Pass (Live),Raheem Sterling,Pass (Live)
2019/20,19,Wolves,90+1,Bernardo Silva,Blocked,21,Right Foot,Half volley,İlkay Gündoğan,Pass (Live),Kyle Walker,Pass (Live)
2019/20,19,Wolves,90+3,Raheem Sterling,Woodwork,22,Right Foot,Free kick,Raheem Sterling,Fouled,,